{
    "epoch": 10.0,
    "total_flos": 1.8803833738297344e+16,
    "train_loss": 1.1890819293622392,
    "train_runtime": 3536.7727,
    "train_samples": 10000,
    "train_samples_per_second": 28.274,
    "train_steps_per_second": 0.885
}