{
  "backbone": "Llama-2-7b-hf",
  "benchmark": "Long_Sequence",
  "k": 8,
  "tasks": [
    "agnews",
    "amazon",
    "boolq",
    "cb",
    "copa",
    "dbpedia",
    "imdb",
    "mnli",
    "multirc",
    "qqp",
    "rte",
    "sst2",
    "wic",
    "yahoo",
    "yelp"
  ],
  "D1_ablation": {
    "Centroid_only": {
      "accuracy": 0.10725222618930018
    },
    "Subspace_only": {
      "accuracy": 0.10713932910910091
    },
    "PSR_light": {
      "accuracy": 0.10715344124412582
    },
    "PSR_full": {
      "accuracy": 0.0736088962899197
    },
    "PSR_no_penalty": {
      "accuracy": 0.10715344124412582
    }
  },
  "D2_rank_sweep": {
    "2": {
      "accuracy": 0.08743878861432947,
      "memory_bytes_per_task": 49164
    },
    "4": {
      "accuracy": 0.08135645841859415,
      "memory_bytes_per_task": 81940
    },
    "8": {
      "accuracy": 0.0736088962899197,
      "memory_bytes_per_task": 147492
    },
    "16": {
      "accuracy": 0.06516983954502477,
      "memory_bytes_per_task": 278596
    },
    "32": {
      "accuracy": 0.06127489027815018,
      "memory_bytes_per_task": 540804
    },
    "64": {
      "accuracy": 0.05546069064788812,
      "memory_bytes_per_task": 1065220
    }
  },
  "D3_domain": {
    "sentiment": {
      "mean": 0.1174607677450507,
      "tasks": 4,
      "per_task": {
        "yelp": 0.002631578947368421,
        "amazon": 0.0034210526315789475,
        "imdb": 0.007368421052631579,
        "sst2": 0.45642201834862384
      }
    },
    "NLI": {
      "mean": 0.016115288220551378,
      "tasks": 3,
      "per_task": {
        "mnli": 0.01263157894736842,
        "cb": 0.03571428571428571,
        "rte": 0.0
      }
    },
    "topic": {
      "mean": 0.18986842105263155,
      "tasks": 3,
      "per_task": {
        "dbpedia": 0.02368421052631579,
        "agnews": 0.5334210526315789,
        "yahoo": 0.0125
      }
    },
    "RC": {
      "mean": 0.021935461894813334,
      "tasks": 2,
      "per_task": {
        "multirc": 0.038366336633663366,
        "boolq": 0.005504587155963303
      }
    },
    "misc": {
      "mean": 0.008514134081284716,
      "tasks": 3,
      "per_task": {
        "copa": 0.0,
        "qqp": 0.009868421052631578,
        "wic": 0.01567398119122257
      }
    }
  },
  "D6_incremental": {
    "PSR": {
      "1": {
        "n_tasks": 1,
        "accuracy": 1.0
      },
      "2": {
        "n_tasks": 2,
        "accuracy": 0.62375
      },
      "3": {
        "n_tasks": 3,
        "accuracy": 0.4897671900378993
      },
      "4": {
        "n_tasks": 4,
        "accuracy": 0.4541725143042211
      },
      "5": {
        "n_tasks": 5,
        "accuracy": 0.45103618597659184
      },
      "6": {
        "n_tasks": 6,
        "accuracy": 0.32833829024632044
      },
      "7": {
        "n_tasks": 7,
        "accuracy": 0.2534145331993141
      },
      "8": {
        "n_tasks": 8,
        "accuracy": 0.20733355863467387
      },
      "9": {
        "n_tasks": 9,
        "accuracy": 0.1894584431862385
      },
      "10": {
        "n_tasks": 10,
        "accuracy": 0.16477336006236776
      },
      "11": {
        "n_tasks": 11,
        "accuracy": 0.16141899503240936
      },
      "12": {
        "n_tasks": 12,
        "accuracy": 0.09377896516002399
      },
      "13": {
        "n_tasks": 13,
        "accuracy": 0.09263218411455058
      },
      "14": {
        "n_tasks": 14,
        "accuracy": 0.08341632285294256
      },
      "15": {
        "n_tasks": 15,
        "accuracy": 0.0736088962899197
      }
    },
    "RLS_batch": {
      "1": {
        "n_tasks": 1,
        "accuracy": 1.0
      },
      "2": {
        "n_tasks": 2,
        "accuracy": 0.9813157894736843
      },
      "3": {
        "n_tasks": 3,
        "accuracy": 0.9717379534380076
      },
      "4": {
        "n_tasks": 4,
        "accuracy": 0.972147252509986
      },
      "5": {
        "n_tasks": 5,
        "accuracy": 0.9734242456780844
      },
      "6": {
        "n_tasks": 6,
        "accuracy": 0.9728132387706856
      },
      "7": {
        "n_tasks": 7,
        "accuracy": 0.9624844793945486
      },
      "8": {
        "n_tasks": 8,
        "accuracy": 0.9622459325061555
      },
      "9": {
        "n_tasks": 9,
        "accuracy": 0.9510092060336258
      },
      "10": {
        "n_tasks": 10,
        "accuracy": 0.9528343913576122
      },
      "11": {
        "n_tasks": 11,
        "accuracy": 0.9507303650902107
      },
      "12": {
        "n_tasks": 12,
        "accuracy": 0.950129945659088
      },
      "13": {
        "n_tasks": 13,
        "accuracy": 0.9477731266057023
      },
      "14": {
        "n_tasks": 14,
        "accuracy": 0.9429664406190228
      },
      "15": {
        "n_tasks": 15,
        "accuracy": 0.9520187409153131
      }
    },
    "RLS_incremental": {
      "1": {
        "n_tasks": 1,
        "accuracy": 1.0
      },
      "2": {
        "n_tasks": 2,
        "accuracy": 0.9813157894736843
      },
      "3": {
        "n_tasks": 3,
        "accuracy": 0.9717379534380076
      },
      "4": {
        "n_tasks": 4,
        "accuracy": 0.972147252509986
      },
      "5": {
        "n_tasks": 5,
        "accuracy": 0.9734242456780844
      },
      "6": {
        "n_tasks": 6,
        "accuracy": 0.9728132387706856
      },
      "7": {
        "n_tasks": 7,
        "accuracy": 0.9624844793945486
      },
      "8": {
        "n_tasks": 8,
        "accuracy": 0.9622459325061555
      },
      "9": {
        "n_tasks": 9,
        "accuracy": 0.9510092060336258
      },
      "10": {
        "n_tasks": 10,
        "accuracy": 0.9528343913576122
      },
      "11": {
        "n_tasks": 11,
        "accuracy": 0.9507303650902107
      },
      "12": {
        "n_tasks": 12,
        "accuracy": 0.950129945659088
      },
      "13": {
        "n_tasks": 13,
        "accuracy": 0.9477731266057023
      },
      "14": {
        "n_tasks": 14,
        "accuracy": 0.9429664406190228
      },
      "15": {
        "n_tasks": 15,
        "accuracy": 0.9520187409153131
      }
    }
  }
}