{
  "backbone": "Llama-2-7b-hf",
  "benchmark": "Long_Sequence",
  "k": 8,
  "tasks": [
    "agnews",
    "amazon",
    "boolq",
    "cb",
    "copa",
    "dbpedia",
    "imdb",
    "mnli",
    "multirc",
    "qqp",
    "rte",
    "sst2",
    "wic",
    "yahoo",
    "yelp"
  ],
  "D1_ablation": {
    "Centroid_only": {
      "accuracy": 0.1645192701203765
    },
    "Subspace_only": {
      "accuracy": 0.06794993014493163
    },
    "PSR_light": {
      "accuracy": 0.0987143844992309
    },
    "PSR_full": {
      "accuracy": 0.11151409096682237
    },
    "PSR_no_penalty": {
      "accuracy": 0.0987143844992309
    }
  },
  "D2_rank_sweep": {
    "2": {
      "accuracy": 0.11391315392105672,
      "memory_bytes_per_task": 49164
    },
    "4": {
      "accuracy": 0.09740195594191445,
      "memory_bytes_per_task": 81940
    },
    "8": {
      "accuracy": 0.11151409096682237,
      "memory_bytes_per_task": 147492
    },
    "16": {
      "accuracy": 0.12461015226993692,
      "memory_bytes_per_task": 278596
    },
    "32": {
      "accuracy": 0.14344985252818898,
      "memory_bytes_per_task": 540804
    },
    "64": {
      "accuracy": 0.14274424577694358,
      "memory_bytes_per_task": 1065220
    }
  },
  "D3_domain": {
    "sentiment": {
      "mean": 0.02273026315789474,
      "tasks": 4,
      "per_task": {
        "yelp": 0.04065789473684211,
        "amazon": 0.0,
        "imdb": 0.05026315789473684,
        "sst2": 0.0
      }
    },
    "NLI": {
      "mean": 8.771929824561403e-05,
      "tasks": 3,
      "per_task": {
        "mnli": 0.0002631578947368421,
        "cb": 0.0,
        "rte": 0.0
      }
    },
    "topic": {
      "mean": 0.22557017543859648,
      "tasks": 3,
      "per_task": {
        "dbpedia": 0.30105263157894735,
        "agnews": 0.15894736842105264,
        "yahoo": 0.21671052631578946
      }
    },
    "RC": {
      "mean": 0.21031031428830957,
      "tasks": 2,
      "per_task": {
        "multirc": 0.4148102310231023,
        "boolq": 0.005810397553516819
      }
    },
    "misc": {
      "mean": 0.11342105263157896,
      "tasks": 3,
      "per_task": {
        "copa": 0.34,
        "qqp": 0.0002631578947368421,
        "wic": 0.0
      }
    }
  },
  "D6_incremental": {
    "PSR": {
      "1": {
        "n_tasks": 1,
        "accuracy": 1.0
      },
      "2": {
        "n_tasks": 2,
        "accuracy": 0.4994736842105263
      },
      "3": {
        "n_tasks": 3,
        "accuracy": 0.4316188413643747
      },
      "4": {
        "n_tasks": 4,
        "accuracy": 0.4303141530821548
      },
      "5": {
        "n_tasks": 5,
        "accuracy": 0.3679802426715344
      },
      "6": {
        "n_tasks": 6,
        "accuracy": 0.3039731564096698
      },
      "7": {
        "n_tasks": 7,
        "accuracy": 0.2946549991131083
      },
      "8": {
        "n_tasks": 8,
        "accuracy": 0.24074252884661806
      },
      "9": {
        "n_tasks": 9,
        "accuracy": 0.16333146043134372
      },
      "10": {
        "n_tasks": 10,
        "accuracy": 0.14030886884211308
      },
      "11": {
        "n_tasks": 11,
        "accuracy": 0.13959114328451921
      },
      "12": {
        "n_tasks": 12,
        "accuracy": 0.13737891427221344
      },
      "13": {
        "n_tasks": 13,
        "accuracy": 0.13580424354575016
      },
      "14": {
        "n_tasks": 14,
        "accuracy": 0.12119631368457659
      },
      "15": {
        "n_tasks": 15,
        "accuracy": 0.11151409096682237
      }
    },
    "RLS_batch": {
      "1": {
        "n_tasks": 1,
        "accuracy": 1.0
      },
      "2": {
        "n_tasks": 2,
        "accuracy": 0.9819736842105263
      },
      "3": {
        "n_tasks": 3,
        "accuracy": 0.9720628045479155
      },
      "4": {
        "n_tasks": 4,
        "accuracy": 0.9718773615459354
      },
      "5": {
        "n_tasks": 5,
        "accuracy": 0.9743906367443359
      },
      "6": {
        "n_tasks": 6,
        "accuracy": 0.9745290932662244
      },
      "7": {
        "n_tasks": 7,
        "accuracy": 0.9622775379885296
      },
      "8": {
        "n_tasks": 8,
        "accuracy": 0.9620528170714044
      },
      "9": {
        "n_tasks": 9,
        "accuracy": 0.9511820892942041
      },
      "10": {
        "n_tasks": 10,
        "accuracy": 0.9528900768459739
      },
      "11": {
        "n_tasks": 11,
        "accuracy": 0.9504533618954405
      },
      "12": {
        "n_tasks": 12,
        "accuracy": 0.9488577503952892
      },
      "13": {
        "n_tasks": 13,
        "accuracy": 0.949210398663337
      },
      "14": {
        "n_tasks": 14,
        "accuracy": 0.9432825911699151
      },
      "15": {
        "n_tasks": 15,
        "accuracy": 0.9451602432932078
      }
    },
    "RLS_incremental": {
      "1": {
        "n_tasks": 1,
        "accuracy": 1.0
      },
      "2": {
        "n_tasks": 2,
        "accuracy": 0.9819736842105263
      },
      "3": {
        "n_tasks": 3,
        "accuracy": 0.9720628045479155
      },
      "4": {
        "n_tasks": 4,
        "accuracy": 0.9718773615459354
      },
      "5": {
        "n_tasks": 5,
        "accuracy": 0.9743906367443359
      },
      "6": {
        "n_tasks": 6,
        "accuracy": 0.9745290932662244
      },
      "7": {
        "n_tasks": 7,
        "accuracy": 0.9622775379885296
      },
      "8": {
        "n_tasks": 8,
        "accuracy": 0.9620528170714044
      },
      "9": {
        "n_tasks": 9,
        "accuracy": 0.9511820892942041
      },
      "10": {
        "n_tasks": 10,
        "accuracy": 0.9528900768459739
      },
      "11": {
        "n_tasks": 11,
        "accuracy": 0.9504533618954405
      },
      "12": {
        "n_tasks": 12,
        "accuracy": 0.9488577503952892
      },
      "13": {
        "n_tasks": 13,
        "accuracy": 0.949210398663337
      },
      "14": {
        "n_tasks": 14,
        "accuracy": 0.9432825911699151
      },
      "15": {
        "n_tasks": 15,
        "accuracy": 0.9451602432932078
      }
    }
  }
}