{
  "backbone": "flan-t5-xl",
  "benchmark": "Long_Sequence",
  "k": 8,
  "tasks": [
    "agnews",
    "amazon",
    "boolq",
    "cb",
    "copa",
    "dbpedia",
    "imdb",
    "mnli",
    "multirc",
    "qqp",
    "rte",
    "sst2",
    "wic",
    "yahoo",
    "yelp"
  ],
  "D1_ablation": {
    "Centroid_only": {
      "accuracy": 0.0014112135024907917
    },
    "Subspace_only": {
      "accuracy": 0.0014112135024907917
    },
    "PSR_light": {
      "accuracy": 0.0014112135024907917
    },
    "PSR_full": {
      "accuracy": 0.12335417225272012
    },
    "PSR_no_penalty": {
      "accuracy": 0.0014112135024907917
    }
  },
  "D2_rank_sweep": {
    "2": {
      "accuracy": 0.3841464275130184,
      "memory_bytes_per_task": 24588
    },
    "4": {
      "accuracy": 0.22607640309902485,
      "memory_bytes_per_task": 40980
    },
    "8": {
      "accuracy": 0.12335417225272012,
      "memory_bytes_per_task": 73764
    },
    "16": {
      "accuracy": 0.05493854165196652,
      "memory_bytes_per_task": 139332
    },
    "32": {
      "accuracy": 0.02088595983686372,
      "memory_bytes_per_task": 270468
    },
    "64": {
      "accuracy": 0.007112516052553591,
      "memory_bytes_per_task": 532740
    }
  },
  "D3_domain": {
    "sentiment": {
      "mean": 0.0913064340898117,
      "tasks": 4,
      "per_task": {
        "yelp": 0.29710526315789476,
        "amazon": 0.05907894736842105,
        "imdb": 0.007894736842105263,
        "sst2": 0.0011467889908256881
      }
    },
    "NLI": {
      "mean": 0.012990531382608144,
      "tasks": 3,
      "per_task": {
        "mnli": 0.020921052631578948,
        "cb": 0.0,
        "rte": 0.018050541516245487
      }
    },
    "topic": {
      "mean": 0.21789473684210528,
      "tasks": 3,
      "per_task": {
        "dbpedia": 0.3705263157894737,
        "agnews": 0.004868421052631579,
        "yahoo": 0.27828947368421053
      }
    },
    "RC": {
      "mean": 0.11268810367275259,
      "tasks": 2,
      "per_task": {
        "multirc": 0.00825082508250825,
        "boolq": 0.21712538226299694
      }
    },
    "misc": {
      "mean": 0.2746852829566078,
      "tasks": 3,
      "per_task": {
        "copa": 0.82,
        "qqp": 0.0009210526315789473,
        "wic": 0.003134796238244514
      }
    }
  },
  "D6_incremental": {
    "PSR": {
      "1": {
        "n_tasks": 1,
        "accuracy": 1.0
      },
      "2": {
        "n_tasks": 2,
        "accuracy": 0.8442763157894737
      },
      "3": {
        "n_tasks": 3,
        "accuracy": 0.6319978343259339
      },
      "4": {
        "n_tasks": 4,
        "accuracy": 0.6300874446723523
      },
      "5": {
        "n_tasks": 5,
        "accuracy": 0.5642650059057231
      },
      "6": {
        "n_tasks": 6,
        "accuracy": 0.35243651338366505
      },
      "7": {
        "n_tasks": 7,
        "accuracy": 0.24661502985868858
      },
      "8": {
        "n_tasks": 8,
        "accuracy": 0.1614203640225945
      },
      "9": {
        "n_tasks": 9,
        "accuracy": 0.14543804296149027
      },
      "10": {
        "n_tasks": 10,
        "accuracy": 0.11840591008649813
      },
      "11": {
        "n_tasks": 11,
        "accuracy": 0.11008106960166941
      },
      "12": {
        "n_tasks": 12,
        "accuracy": 0.10806390055067881
      },
      "13": {
        "n_tasks": 13,
        "accuracy": 0.10687914338585365
      },
      "14": {
        "n_tasks": 14,
        "accuracy": 0.11983686631573956
      },
      "15": {
        "n_tasks": 15,
        "accuracy": 0.12335417225272012
      }
    },
    "RLS_batch": {
      "1": {
        "n_tasks": 1,
        "accuracy": 1.0
      },
      "2": {
        "n_tasks": 2,
        "accuracy": 1.0
      },
      "3": {
        "n_tasks": 3,
        "accuracy": 1.0
      },
      "4": {
        "n_tasks": 4,
        "accuracy": 1.0
      },
      "5": {
        "n_tasks": 5,
        "accuracy": 1.0
      },
      "6": {
        "n_tasks": 6,
        "accuracy": 1.0
      },
      "7": {
        "n_tasks": 7,
        "accuracy": 1.0
      },
      "8": {
        "n_tasks": 8,
        "accuracy": 1.0
      },
      "9": {
        "n_tasks": 9,
        "accuracy": 1.0
      },
      "10": {
        "n_tasks": 10,
        "accuracy": 1.0
      },
      "11": {
        "n_tasks": 11,
        "accuracy": 1.0
      },
      "12": {
        "n_tasks": 12,
        "accuracy": 1.0
      },
      "13": {
        "n_tasks": 13,
        "accuracy": 1.0
      },
      "14": {
        "n_tasks": 14,
        "accuracy": 0.9999683849449108
      },
      "15": {
        "n_tasks": 15,
        "accuracy": 0.9999858878649751
      }
    },
    "RLS_incremental": {
      "1": {
        "n_tasks": 1,
        "accuracy": 1.0
      },
      "2": {
        "n_tasks": 2,
        "accuracy": 1.0
      },
      "3": {
        "n_tasks": 3,
        "accuracy": 1.0
      },
      "4": {
        "n_tasks": 4,
        "accuracy": 1.0
      },
      "5": {
        "n_tasks": 5,
        "accuracy": 1.0
      },
      "6": {
        "n_tasks": 6,
        "accuracy": 1.0
      },
      "7": {
        "n_tasks": 7,
        "accuracy": 1.0
      },
      "8": {
        "n_tasks": 8,
        "accuracy": 1.0
      },
      "9": {
        "n_tasks": 9,
        "accuracy": 1.0
      },
      "10": {
        "n_tasks": 10,
        "accuracy": 1.0
      },
      "11": {
        "n_tasks": 11,
        "accuracy": 1.0
      },
      "12": {
        "n_tasks": 12,
        "accuracy": 1.0
      },
      "13": {
        "n_tasks": 13,
        "accuracy": 1.0
      },
      "14": {
        "n_tasks": 14,
        "accuracy": 0.9999683849449108
      },
      "15": {
        "n_tasks": 15,
        "accuracy": 0.9999858878649751
      }
    }
  }
}