{
  "backbone": "flan-t5-xl",
  "benchmark": "Long_Sequence",
  "k": 8,
  "tasks": [
    "agnews",
    "amazon",
    "boolq",
    "cb",
    "copa",
    "dbpedia",
    "imdb",
    "mnli",
    "multirc",
    "qqp",
    "rte",
    "sst2",
    "wic",
    "yahoo",
    "yelp"
  ],
  "D1_ablation": {
    "Centroid_only": {
      "accuracy": 0.8644529430857595
    },
    "Subspace_only": {
      "accuracy": 0.01368877097416068
    },
    "PSR_light": {
      "accuracy": 0.7021492781642935
    },
    "PSR_full": {
      "accuracy": 0.8052525366562707
    },
    "PSR_no_penalty": {
      "accuracy": 0.7021492781642935
    }
  },
  "D2_rank_sweep": {
    "2": {
      "accuracy": 0.8529656651754844,
      "memory_bytes_per_task": 24588
    },
    "4": {
      "accuracy": 0.8212839220445661,
      "memory_bytes_per_task": 40980
    },
    "8": {
      "accuracy": 0.8052525366562707,
      "memory_bytes_per_task": 73764
    },
    "16": {
      "accuracy": 0.7777338733577003,
      "memory_bytes_per_task": 139332
    },
    "32": {
      "accuracy": 0.7510196017555496,
      "memory_bytes_per_task": 270468
    },
    "64": {
      "accuracy": 0.724460563638673,
      "memory_bytes_per_task": 532740
    }
  },
  "D3_domain": {
    "sentiment": {
      "mean": 0.6910137011105746,
      "tasks": 4,
      "per_task": {
        "yelp": 0.4825,
        "amazon": 0.853421052631579,
        "imdb": 0.8386842105263158,
        "sst2": 0.5894495412844036
      }
    },
    "NLI": {
      "mean": 0.7836358721714033,
      "tasks": 3,
      "per_task": {
        "mnli": 0.7348684210526316,
        "cb": 0.7857142857142857,
        "rte": 0.8303249097472925
      }
    },
    "topic": {
      "mean": 0.9146491228070176,
      "tasks": 3,
      "per_task": {
        "dbpedia": 0.9178947368421052,
        "agnews": 0.9723684210526315,
        "yahoo": 0.8536842105263158
      }
    },
    "RC": {
      "mean": 0.7621998667756684,
      "tasks": 2,
      "per_task": {
        "multirc": 0.7136963696369637,
        "boolq": 0.8107033639143731
      }
    },
    "misc": {
      "mean": 0.9374685145465546,
      "tasks": 3,
      "per_task": {
        "copa": 1.0,
        "qqp": 0.8531578947368421,
        "wic": 0.9592476489028213
      }
    }
  },
  "D6_incremental": {
    "PSR": {
      "1": {
        "n_tasks": 1,
        "accuracy": 1.0
      },
      "2": {
        "n_tasks": 2,
        "accuracy": 0.9998026315789473
      },
      "3": {
        "n_tasks": 3,
        "accuracy": 0.9593936112615051
      },
      "4": {
        "n_tasks": 4,
        "accuracy": 0.9590305516571305
      },
      "5": {
        "n_tasks": 5,
        "accuracy": 0.9578546118329218
      },
      "6": {
        "n_tasks": 6,
        "accuracy": 0.9549302219171815
      },
      "7": {
        "n_tasks": 7,
        "accuracy": 0.9267427422692603
      },
      "8": {
        "n_tasks": 8,
        "accuracy": 0.9210399266161348
      },
      "9": {
        "n_tasks": 9,
        "accuracy": 0.8921208453991443
      },
      "10": {
        "n_tasks": 10,
        "accuracy": 0.8902253406095705
      },
      "11": {
        "n_tasks": 11,
        "accuracy": 0.8581374305183653
      },
      "12": {
        "n_tasks": 12,
        "accuracy": 0.8538792868436835
      },
      "13": {
        "n_tasks": 13,
        "accuracy": 0.8550870447889904
      },
      "14": {
        "n_tasks": 14,
        "accuracy": 0.844548774126239
      },
      "15": {
        "n_tasks": 15,
        "accuracy": 0.8052525366562707
      }
    },
    "RLS_batch": {
      "1": {
        "n_tasks": 1,
        "accuracy": 1.0
      },
      "2": {
        "n_tasks": 2,
        "accuracy": 1.0
      },
      "3": {
        "n_tasks": 3,
        "accuracy": 1.0
      },
      "4": {
        "n_tasks": 4,
        "accuracy": 1.0
      },
      "5": {
        "n_tasks": 5,
        "accuracy": 1.0
      },
      "6": {
        "n_tasks": 6,
        "accuracy": 1.0
      },
      "7": {
        "n_tasks": 7,
        "accuracy": 1.0
      },
      "8": {
        "n_tasks": 8,
        "accuracy": 1.0
      },
      "9": {
        "n_tasks": 9,
        "accuracy": 1.0
      },
      "10": {
        "n_tasks": 10,
        "accuracy": 1.0
      },
      "11": {
        "n_tasks": 11,
        "accuracy": 1.0
      },
      "12": {
        "n_tasks": 12,
        "accuracy": 1.0
      },
      "13": {
        "n_tasks": 13,
        "accuracy": 1.0
      },
      "14": {
        "n_tasks": 14,
        "accuracy": 0.9999683849449108
      },
      "15": {
        "n_tasks": 15,
        "accuracy": 0.9999717757299502
      }
    },
    "RLS_incremental": {
      "1": {
        "n_tasks": 1,
        "accuracy": 1.0
      },
      "2": {
        "n_tasks": 2,
        "accuracy": 1.0
      },
      "3": {
        "n_tasks": 3,
        "accuracy": 1.0
      },
      "4": {
        "n_tasks": 4,
        "accuracy": 1.0
      },
      "5": {
        "n_tasks": 5,
        "accuracy": 1.0
      },
      "6": {
        "n_tasks": 6,
        "accuracy": 1.0
      },
      "7": {
        "n_tasks": 7,
        "accuracy": 1.0
      },
      "8": {
        "n_tasks": 8,
        "accuracy": 1.0
      },
      "9": {
        "n_tasks": 9,
        "accuracy": 1.0
      },
      "10": {
        "n_tasks": 10,
        "accuracy": 1.0
      },
      "11": {
        "n_tasks": 11,
        "accuracy": 1.0
      },
      "12": {
        "n_tasks": 12,
        "accuracy": 1.0
      },
      "13": {
        "n_tasks": 13,
        "accuracy": 1.0
      },
      "14": {
        "n_tasks": 14,
        "accuracy": 0.9999683849449108
      },
      "15": {
        "n_tasks": 15,
        "accuracy": 0.9999717757299502
      }
    }
  }
}