{
  "backbone": "Llama-2-7b-hf",
  "benchmark": "Long_Sequence",
  "k": 8,
  "d_model": 4096,
  "tasks": [
    "agnews",
    "amazon",
    "boolq",
    "cb",
    "copa",
    "dbpedia",
    "imdb",
    "mnli",
    "multirc",
    "qqp",
    "rte",
    "sst2",
    "wic",
    "yahoo",
    "yelp"
  ],
  "phase_B_distance": {
    "L2": {
      "accuracy": 0.9387815582619494,
      "per_task": {
        "agnews": 0.9597368421052631,
        "amazon": 0.9421052631578948,
        "boolq": 0.8779816513761468,
        "cb": 0.8035714285714286,
        "copa": 0.86,
        "dbpedia": 0.9755263157894737,
        "imdb": 0.9197368421052632,
        "mnli": 0.9285526315789474,
        "multirc": 0.8636551155115512,
        "qqp": 0.9319736842105263,
        "rte": 0.8267148014440433,
        "sst2": 0.8669724770642202,
        "wic": 0.9357366771159875,
        "yahoo": 0.9632894736842105,
        "yelp": 0.9780263157894736
      }
    },
    "Cosine": {
      "accuracy": 0.9233287704096753,
      "per_task": {
        "agnews": 0.9461842105263157,
        "amazon": 0.9186842105263158,
        "boolq": 0.9073394495412844,
        "cb": 0.9821428571428571,
        "copa": 1.0,
        "dbpedia": 0.8518421052631578,
        "imdb": 0.9573684210526315,
        "mnli": 0.908157894736842,
        "multirc": 0.891914191419142,
        "qqp": 0.9628947368421052,
        "rte": 0.8664259927797834,
        "sst2": 0.930045871559633,
        "wic": 0.9639498432601881,
        "yahoo": 0.8951315789473684,
        "yelp": 0.9697368421052631
      }
    },
    "NormL2": {
      "accuracy": 0.9233287704096753,
      "per_task": {
        "agnews": 0.9461842105263157,
        "amazon": 0.9186842105263158,
        "boolq": 0.9073394495412844,
        "cb": 0.9821428571428571,
        "copa": 1.0,
        "dbpedia": 0.8518421052631578,
        "imdb": 0.9573684210526315,
        "mnli": 0.908157894736842,
        "multirc": 0.891914191419142,
        "qqp": 0.9628947368421052,
        "rte": 0.8664259927797834,
        "sst2": 0.930045871559633,
        "wic": 0.9639498432601881,
        "yahoo": 0.8951315789473684,
        "yelp": 0.9697368421052631
      }
    },
    "SpectralAffinity": {
      "accuracy": 0.7451207293151381,
      "per_task": {
        "agnews": 0.8273684210526315,
        "amazon": 0.7736842105263158,
        "boolq": 0.8159021406727829,
        "cb": 0.8392857142857143,
        "copa": 0.95,
        "dbpedia": 0.6881578947368421,
        "imdb": 0.8502631578947368,
        "mnli": 0.6125,
        "multirc": 0.17223597359735973,
        "qqp": 0.7946052631578947,
        "rte": 0.7689530685920578,
        "sst2": 0.5963302752293578,
        "wic": 0.8181818181818182,
        "yahoo": 0.834078947368421,
        "yelp": 0.9219736842105263
      }
    },
    "SubspaceResidual": {
      "accuracy": 0.7451207293151381,
      "per_task": {
        "agnews": 0.8273684210526315,
        "amazon": 0.7736842105263158,
        "boolq": 0.8159021406727829,
        "cb": 0.8392857142857143,
        "copa": 0.95,
        "dbpedia": 0.6881578947368421,
        "imdb": 0.8502631578947368,
        "mnli": 0.6125,
        "multirc": 0.17223597359735973,
        "qqp": 0.7946052631578947,
        "rte": 0.7689530685920578,
        "sst2": 0.5963302752293578,
        "wic": 0.8181818181818182,
        "yahoo": 0.834078947368421,
        "yelp": 0.9219736842105263
      }
    },
    "WeightedSpectral": {
      "accuracy": 0.7514570779413218,
      "per_task": {
        "agnews": 0.8335526315789473,
        "amazon": 0.7806578947368421,
        "boolq": 0.827217125382263,
        "cb": 0.8392857142857143,
        "copa": 0.96,
        "dbpedia": 0.6952631578947368,
        "imdb": 0.8526315789473684,
        "mnli": 0.6153947368421052,
        "multirc": 0.16955445544554457,
        "qqp": 0.8142105263157895,
        "rte": 0.7689530685920578,
        "sst2": 0.6009174311926605,
        "wic": 0.835423197492163,
        "yahoo": 0.8402631578947368,
        "yelp": 0.9244736842105263
      }
    },
    "PSR_full": {
      "accuracy": 0.0736088962899197,
      "per_task": {
        "agnews": 0.5334210526315789,
        "amazon": 0.0034210526315789475,
        "boolq": 0.005504587155963303,
        "cb": 0.03571428571428571,
        "copa": 0.0,
        "dbpedia": 0.02368421052631579,
        "imdb": 0.007368421052631579,
        "mnli": 0.01263157894736842,
        "multirc": 0.038366336633663366,
        "qqp": 0.009868421052631578,
        "rte": 0.0,
        "sst2": 0.45642201834862384,
        "wic": 0.01567398119122257,
        "yahoo": 0.0125,
        "yelp": 0.002631578947368421
      }
    },
    "PSR_no_mean": {
      "accuracy": 0.06440778425367974,
      "per_task": {
        "agnews": 0.5247368421052632,
        "amazon": 0.0005263157894736842,
        "boolq": 0.0021406727828746177,
        "cb": 0.0,
        "copa": 0.0,
        "dbpedia": 0.0125,
        "imdb": 0.005526315789473684,
        "mnli": 0.0006578947368421052,
        "multirc": 0.0020627062706270625,
        "qqp": 0.00013157894736842105,
        "rte": 0.0,
        "sst2": 0.4552752293577982,
        "wic": 0.006269592476489028,
        "yahoo": 0.0014473684210526317,
        "yelp": 0.0
      }
    },
    "PSR_no_subspace": {
      "accuracy": 0.09717616178151593,
      "per_task": {
        "agnews": 0.5576315789473684,
        "amazon": 0.015789473684210527,
        "boolq": 0.009480122324159021,
        "cb": 0.08928571428571429,
        "copa": 0.16,
        "dbpedia": 0.03105263157894737,
        "imdb": 0.02526315789473684,
        "mnli": 0.04289473684210526,
        "multirc": 0.04455445544554455,
        "qqp": 0.065,
        "rte": 0.036101083032490974,
        "sst2": 0.5596330275229358,
        "wic": 0.032915360501567396,
        "yahoo": 0.04078947368421053,
        "yelp": 0.024078947368421054
      }
    },
    "PSR_no_penalty": {
      "accuracy": 0.10715344124412582,
      "per_task": {
        "agnews": 0.9990789473684211,
        "amazon": 0.0,
        "boolq": 0.0,
        "cb": 0.0,
        "copa": 0.0,
        "dbpedia": 0.0,
        "imdb": 0.0,
        "mnli": 0.0,
        "multirc": 0.0,
        "qqp": 0.0,
        "rte": 0.0,
        "sst2": 0.0,
        "wic": 0.0,
        "yahoo": 0.0,
        "yelp": 0.0
      }
    },
    "Mahalanobis": {
      "accuracy": 0.9500994905519256,
      "per_task": {
        "agnews": 0.9664473684210526,
        "amazon": 0.9530263157894737,
        "boolq": 0.8929663608562691,
        "cb": 0.7857142857142857,
        "copa": 0.9,
        "dbpedia": 0.9844736842105263,
        "imdb": 0.9403947368421053,
        "mnli": 0.9477631578947369,
        "multirc": 0.8822194719471947,
        "qqp": 0.9447368421052632,
        "rte": 0.8628158844765343,
        "sst2": 0.8887614678899083,
        "wic": 0.9404388714733543,
        "yahoo": 0.9655263157894737,
        "yelp": 0.9792105263157894
      }
    }
  },
  "phase_B_domain_breakdown": {
    "L2": {
      "intra_cluster_acc": 0.9089053013002952,
      "inter_cluster_acc": null
    },
    "Cosine": {
      "intra_cluster_acc": 0.930121213713526,
      "inter_cluster_acc": null
    },
    "NormL2": {
      "intra_cluster_acc": 0.930121213713526,
      "inter_cluster_acc": null
    },
    "SpectralAffinity": {
      "intra_cluster_acc": 0.7509013713004306,
      "inter_cluster_acc": null
    },
    "SubspaceResidual": {
      "intra_cluster_acc": 0.7509013713004306,
      "inter_cluster_acc": null
    },
    "WeightedSpectral": {
      "intra_cluster_acc": 0.7571865573874306,
      "inter_cluster_acc": null
    },
    "PSR_full": {
      "intra_cluster_acc": 0.07714716832221549,
      "inter_cluster_acc": null
    },
    "PSR_no_mean": {
      "intra_cluster_acc": 0.0674183011118175,
      "inter_cluster_acc": null
    },
    "PSR_no_subspace": {
      "intra_cluster_acc": 0.11563131754082746,
      "inter_cluster_acc": null
    },