{
  "backbone": "flan-t5-large",
  "benchmark": "Long_Sequence",
  "k": 8,
  "d_model": 1024,
  "tasks": [
    "agnews",
    "amazon",
    "boolq",
    "cb",
    "copa",
    "dbpedia",
    "imdb",
    "mnli",
    "multirc",
    "qqp",
    "rte",
    "sst2",
    "wic",
    "yahoo",
    "yelp"
  ],
  "phase_B_distance": {
    "L2": {
      "accuracy": 0.9999576635949253,
      "per_task": {
        "agnews": 0.9998684210526316,
        "amazon": 1.0,
        "boolq": 0.999388379204893,
        "cb": 1.0,
        "copa": 1.0,
        "dbpedia": 1.0,
        "imdb": 1.0,
        "mnli": 1.0,
        "multirc": 1.0,
        "qqp": 1.0,
        "rte": 1.0,
        "sst2": 1.0,
        "wic": 1.0,
        "yahoo": 1.0,
        "yelp": 1.0
      }
    },
    "Cosine": {
      "accuracy": 0.9995766359492527,
      "per_task": {
        "agnews": 1.0,
        "amazon": 1.0,
        "boolq": 0.9996941896024465,
        "cb": 1.0,
        "copa": 1.0,
        "dbpedia": 1.0,
        "imdb": 1.0,
        "mnli": 0.9997368421052631,
        "multirc": 1.0,
        "qqp": 1.0,
        "rte": 1.0,
        "sst2": 1.0,
        "wic": 1.0,
        "yahoo": 0.9964473684210526,
        "yelp": 1.0
      }
    },
    "NormL2": {
      "accuracy": 0.9995766359492527,
      "per_task": {
        "agnews": 1.0,
        "amazon": 1.0,
        "boolq": 0.9996941896024465,
        "cb": 1.0,
        "copa": 1.0,
        "dbpedia": 1.0,
        "imdb": 1.0,
        "mnli": 0.9997368421052631,
        "multirc": 1.0,
        "qqp": 1.0,
        "rte": 1.0,
        "sst2": 1.0,
        "wic": 1.0,
        "yahoo": 0.9964473684210526,
        "yelp": 1.0
      }
    },
    "SpectralAffinity": {
      "accuracy": 0.965213587163602,
      "per_task": {
        "agnews": 0.9952631578947368,
        "amazon": 0.9382894736842106,
        "boolq": 0.9905198776758409,
        "cb": 1.0,
        "copa": 1.0,
        "dbpedia": 0.9088157894736842,
        "imdb": 0.996578947368421,
        "mnli": 0.9694736842105263,
        "multirc": 0.9861798679867987,
        "qqp": 0.9957894736842106,
        "rte": 0.9783393501805054,
        "sst2": 0.9965596330275229,
        "wic": 0.9984326018808778,
        "yahoo": 0.8910526315789473,
        "yelp": 0.9946052631578948
      }
    },
    "SubspaceResidual": {
      "accuracy": 0.965213587163602,
      "per_task": {
        "agnews": 0.9952631578947368,
        "amazon": 0.9382894736842106,
        "boolq": 0.9905198776758409,
        "cb": 1.0,
        "copa": 1.0,
        "dbpedia": 0.9088157894736842,
        "imdb": 0.996578947368421,
        "mnli": 0.9694736842105263,
        "multirc": 0.9861798679867987,
        "qqp": 0.9957894736842106,
        "rte": 0.9783393501805054,
        "sst2": 0.9965596330275229,
        "wic": 0.9984326018808778,
        "yahoo": 0.8910526315789473,
        "yelp": 0.9946052631578948
      }
    },
    "WeightedSpectral": {
      "accuracy": 0.9705056377979424,
      "per_task": {
        "agnews": 0.996578947368421,
        "amazon": 0.9478947368421052,
        "boolq": 0.9914373088685016,
        "cb": 1.0,
        "copa": 1.0,
        "dbpedia": 0.9210526315789473,
        "imdb": 0.9971052631578947,
        "mnli": 0.9772368421052632,
        "multirc": 0.9845297029702971,
        "qqp": 0.9967105263157895,
        "rte": 0.9711191335740073,
        "sst2": 0.9988532110091743,
        "wic": 1.0,
        "yahoo": 0.9077631578947368,
        "yelp": 0.9953947368421052
      }
    },
    "PSR_full": {
      "accuracy": 0.15263685242940406,
      "per_task": {
        "agnews": 0.011842105263157895,
        "amazon": 0.09789473684210526,
        "boolq": 0.06483180428134556,
        "cb": 0.125,
        "copa": 0.31,
        "dbpedia": 0.4660526315789474,
        "imdb": 0.05394736842105263,
        "mnli": 0.007631578947368421,
        "multirc": 0.005569306930693069,
        "qqp": 0.008947368421052631,
        "rte": 0.010830324909747292,
        "sst2": 0.0011467889908256881,
        "wic": 0.023510971786833857,
        "yahoo": 0.5110526315789473,
        "yelp": 0.2268421052631579
      }
    },
    "PSR_no_mean": {
      "accuracy": 0.008213262584496409,
      "per_task": {
        "agnews": 0.0,
        "amazon": 0.0044736842105263155,
        "boolq": 0.0,
        "cb": 0.0,
        "copa": 0.0,
        "dbpedia": 0.03736842105263158,
        "imdb": 0.0,
        "mnli": 0.0,
        "multirc": 0.0,
        "qqp": 0.0,
        "rte": 0.0,
        "sst2": 0.0,
        "wic": 0.0,
        "yahoo": 0.028552631578947368,
        "yelp": 0.0061842105263157894
      }
    },
    "PSR_no_subspace": {
      "accuracy": 0.7294280351674405,
      "per_task": {
        "agnews": 0.6351315789473684,
        "amazon": 0.7353947368421052,
        "boolq": 0.9764525993883792,
        "cb": 0.9821428571428571,
        "copa": 1.0,
        "dbpedia": 0.6936842105263158,
        "imdb": 0.7394736842105263,
        "mnli": 0.8035526315789474,
        "multirc": 0.5109323432343235,
        "qqp": 0.6213157894736843,
        "rte": 0.9747292418772563,
        "sst2": 0.643348623853211,
        "wic": 0.622257053291536,
        "yahoo": 0.875,
        "yelp": 0.7694736842105263
      }
    },
    "PSR_no_penalty": {
      "accuracy": 0.022889883010400642,
      "per_task": {
        "agnews": 0.0,
        "amazon": 0.0,
        "boolq": 0.47339449541284406,
        "cb": 0.017857142857142856,
        "copa": 0.7,
        "dbpedia": 0.0,
        "imdb": 0.0,
        "mnli": 0.0,
        "multirc": 0.0,
        "qqp": 0.0,
        "rte": 0.0,
        "sst2": 0.0,
        "wic": 0.0,
        "yahoo": 0.00039473684210526315,
        "yelp": 0.0
      }
    },
    "Mahalanobis": {
      "accuracy": 0.9999294393248754,
      "per_task": {
        "agnews": 0.9998684210526316,
        "amazon": 1.0,
        "boolq": 0.998776758409786,
        "cb": 1.0,
        "copa": 1.0,
        "dbpedia": 1.0,
        "imdb": 1.0,
        "mnli": 1.0,
        "multirc": 1.0,
        "qqp": 1.0,
        "rte": 1.0,
        "sst2": 1.0,
        "wic": 1.0,
        "yahoo": 1.0,
        "yelp": 1.0
      }
    }
  },
  "phase_B_domain_breakdown": {
    "L2": {
      "intra_cluster_acc": 0.9999504533505017,
      "inter_cluster_acc": null
    },
    "Cosine": {
      "intra_cluster_acc": 0.9997252266752509,
      "inter_cluster_acc": null
    },
    "NormL2": {
      "intra_cluster_acc": 0.9997252266752509,
      "inter_cluster_acc": null
    },
    "SpectralAffinity": {
      "intra_cluster_acc": 0.9759933167869452,
      "inter_cluster_acc": null
    },
    "SubspaceResidual": {
      "intra_cluster_acc": 0.9759933167869452,
      "inter_cluster_acc": null
    },
    "WeightedSpectral": {
      "intra_cluster_acc": 0.9790450799018161,
      "inter_cluster_acc": null
    },
    "PSR_full": {
      "intra_cluster_acc": 0.1283399815476823,
      "inter_cluster_acc": null
    },
    "PSR_no_mean": {
      "intra_cluster_acc": 0.005105263157894737,
      "inter_cluster_acc": null
    },
    "PSR_no_subspace": {
      "intra_cluster_acc": 0.7721926023051356,
      "inter_cluster_acc": null
    },
    "PSR_no_penalty": {
      "intra_cluster_acc": 0.07944309167413949,
      "inter_cluster_acc": null
    },
    "Mahalanobis": {
      "intra_cluster_acc": 0.9999096786308279,
      "inter_cluster_acc": null
    }
  },
  "phase_C_sklearn": {
    "LDA": {
      "accuracy": 0.9999294393248754,
      "per_task": {
        "agnews": 0.9998684210526316,
        "amazon": 1.0,
        "boolq": 0.998776758409786,
        "cb": 1.0,
        "copa": 1.0,
        "dbpedia": 1.0,
        "imdb": 1.0,
        "mnli": 1.0,
        "multirc": 1.0,
        "qqp": 1.0,
        "rte": 1.0,
        "sst2": 1.0,
        "wic": 1.0,
        "yahoo": 1.0,
        "yelp": 1.0
      }
    },
    "RidgeClassifier": {
      "accuracy": 0.9999717757299502,
      "per_task": {
        "agnews": 1.0,
        "amazon": 1.0,
        "boolq": 0.9996941896024465,
        "cb": 1.0,