{
  "backbone": "flan-t5-xl",
  "benchmark": "Long_Sequence",
  "k": 8,
  "d_model": 2048,
  "tasks": [
    "agnews",
    "amazon",
    "boolq",
    "cb",
    "copa",
    "dbpedia",
    "imdb",
    "mnli",
    "multirc",
    "qqp",
    "rte",
    "sst2",
    "wic",
    "yahoo",
    "yelp"
  ],
  "phase_B_distance": {
    "L2": {
      "accuracy": 0.9692496577807257,
      "per_task": {
        "agnews": 0.9914473684210526,
        "amazon": 0.9389473684210526,
        "boolq": 0.8840978593272171,
        "cb": 0.9642857142857143,
        "copa": 1.0,
        "dbpedia": 0.9996052631578948,
        "imdb": 0.9832894736842105,
        "mnli": 0.9546052631578947,
        "multirc": 0.991542904290429,
        "qqp": 0.9968421052631579,
        "rte": 0.8880866425992779,
        "sst2": 0.9644495412844036,
        "wic": 0.9984326018808778,
        "yahoo": 0.949078947368421,
        "yelp": 0.9632894736842105
      }
    },
    "Cosine": {
      "accuracy": 0.9740054472841196,
      "per_task": {
        "agnews": 0.9905263157894737,
        "amazon": 0.9302631578947368,
        "boolq": 0.9370030581039756,
        "cb": 0.9464285714285714,
        "copa": 1.0,
        "dbpedia": 0.9996052631578948,
        "imdb": 0.9936842105263158,
        "mnli": 0.9598684210526316,
        "multirc": 0.9983498349834984,
        "qqp": 0.9968421052631579,
        "rte": 0.8628158844765343,
        "sst2": 0.9564220183486238,
        "wic": 1.0,
        "yahoo": 0.9485526315789473,
        "yelp": 0.9768421052631578
      }
    },
    "NormL2": {
      "accuracy": 0.9740054472841196,
      "per_task": {
        "agnews": 0.9905263157894737,
        "amazon": 0.9302631578947368,
        "boolq": 0.9370030581039756,
        "cb": 0.9464285714285714,
        "copa": 1.0,
        "dbpedia": 0.9996052631578948,
        "imdb": 0.9936842105263158,
        "mnli": 0.9598684210526316,
        "multirc": 0.9983498349834984,
        "qqp": 0.9968421052631579,
        "rte": 0.8628158844765343,
        "sst2": 0.9564220183486238,
        "wic": 1.0,
        "yahoo": 0.9485526315789473,
        "yelp": 0.9768421052631578
      }
    },
    "SpectralAffinity": {
      "accuracy": 0.43686936396607445,
      "per_task": {
        "agnews": 0.45710526315789474,
        "amazon": 0.0025,
        "boolq": 0.07370030581039755,
        "cb": 0.5535714285714286,
        "copa": 1.0,
        "dbpedia": 0.11210526315789474,
        "imdb": 0.9996052631578948,
        "mnli": 0.32894736842105265,
        "multirc": 0.8617986798679867,
        "qqp": 0.8117105263157894,
        "rte": 0.08664259927797834,
        "sst2": 0.4426605504587156,
        "wic": 0.9388714733542319,
        "yahoo": 0.6022368421052632,
        "yelp": 0.02763157894736842
      }
    },
    "SubspaceResidual": {
      "accuracy": 0.43686936396607445,
      "per_task": {
        "agnews": 0.45710526315789474,
        "amazon": 0.0025,
        "boolq": 0.07370030581039755,
        "cb": 0.5535714285714286,
        "copa": 1.0,
        "dbpedia": 0.11210526315789474,
        "imdb": 0.9996052631578948,
        "mnli": 0.32894736842105265,
        "multirc": 0.8617986798679867,
        "qqp": 0.8117105263157894,
        "rte": 0.08664259927797834,
        "sst2": 0.4426605504587156,
        "wic": 0.9388714733542319,
        "yahoo": 0.6022368421052632,
        "yelp": 0.02763157894736842
      }
    },
    "WeightedSpectral": {
      "accuracy": 0.23750723246920027,
      "per_task": {
        "agnews": 0.4543421052631579,
        "amazon": 0.0002631578947368421,
        "boolq": 0.3250764525993884,
        "cb": 0.5178571428571429,
        "copa": 0.15,
        "dbpedia": 0.1175,
        "imdb": 0.035526315789473684,
        "mnli": 0.31157894736842107,
        "multirc": 0.14521452145214522,
        "qqp": 0.4813157894736842,
        "rte": 0.05415162454873646,
        "sst2": 0.4151376146788991,
        "wic": 0.3510971786833856,
        "yahoo": 0.4573684210526316,
        "yelp": 0.03921052631578947
      }
    },
    "PSR_full": {
      "accuracy": 0.8052525366562707,
      "per_task": {
        "agnews": 0.9723684210526315,
        "amazon": 0.853421052631579,
        "boolq": 0.8107033639143731,
        "cb": 0.7857142857142857,
        "copa": 1.0,
        "dbpedia": 0.9178947368421052,
        "imdb": 0.8386842105263158,
        "mnli": 0.7348684210526316,
        "multirc": 0.7136963696369637,
        "qqp": 0.8531578947368421,
        "rte": 0.8303249097472925,
        "sst2": 0.5894495412844036,
        "wic": 0.9592476489028213,
        "yahoo": 0.8536842105263158,
        "yelp": 0.4825
      }
    },
    "PSR_no_mean": {
      "accuracy": 0.011783632745798111,
      "per_task": {
        "agnews": 0.0,
        "amazon": 0.0,
        "boolq": 0.25535168195718655,
        "cb": 0.0,
        "copa": 0.0,
        "dbpedia": 0.0,
        "imdb": 0.0,
        "mnli": 0.0,
        "multirc": 0.0,
        "qqp": 0.0,
        "rte": 0.0,
        "sst2": 0.0,
        "wic": 0.0,
        "yahoo": 0.0,
        "yelp": 0.0
      }
    },
    "PSR_no_subspace": {
      "accuracy": 0.9413358547014578,
      "per_task": {
        "agnews": 0.9836842105263158,
        "amazon": 0.9314473684210526,
        "boolq": 0.9556574923547401,
        "cb": 0.9464285714285714,
        "copa": 1.0,
        "dbpedia": 0.9959210526315789,
        "imdb": 0.9696052631578947,
        "mnli": 0.8988157894736842,
        "multirc": 0.9026402640264026,
        "qqp": 0.9756578947368421,
        "rte": 0.8880866425992779,
        "sst2": 0.9334862385321101,
        "wic": 0.9905956112852664,
        "yahoo": 0.9752631578947368,
        "yelp": 0.8167105263157894
      }
    },
    "PSR_no_penalty": {
      "accuracy": 0.7021492781642935,
      "per_task": {
        "agnews": 0.9672368421052632,
        "amazon": 0.64,
        "boolq": 0.8792048929663608,
        "cb": 0.625,
        "copa": 1.0,
        "dbpedia": 0.8511842105263158,
        "imdb": 0.6005263157894737,
        "mnli": 0.5743421052631579,
        "multirc": 0.634075907590759,
        "qqp": 0.8227631578947369,
        "rte": 0.7978339350180506,
        "sst2": 0.48623853211009177,
        "wic": 0.9341692789968652,
        "yahoo": 0.8611842105263158,
        "yelp": 0.2656578947368421
      }
    },
    "Mahalanobis": {
      "accuracy": 0.9998729907847759,
      "per_task": {
        "agnews": 0.9994736842105263,
        "amazon": 1.0,
        "boolq": 0.9984709480122325,
        "cb": 1.0,
        "copa": 1.0,
        "dbpedia": 1.0,
        "imdb": 1.0,
        "mnli": 1.0,
        "multirc": 1.0,
        "qqp": 1.0,
        "rte": 1.0,
        "sst2": 1.0,
        "wic": 1.0,
        "yahoo": 1.0,
        "yelp": 1.0
      }
    }
  },
  "phase_B_domain_breakdown": {
    "L2": {
      "intra_cluster_acc": 0.9645333684550541,
      "inter_cluster_acc": null
    },
    "Cosine": {
      "intra_cluster_acc": 0.9664802385245012,
      "inter_cluster_acc": null
    },
    "NormL2": {
      "intra_cluster_acc": 0.9664802385245012,
      "inter_cluster_acc": null
    },
    "SpectralAffinity": {
      "intra_cluster_acc": 0.48660580950692656,
      "inter_cluster_acc": null
    },
    "SubspaceResidual": {
      "intra_cluster_acc": 0.48660580950692656,
      "inter_cluster_acc": null
    },
    "WeightedSpectral": {
      "intra_cluster_acc": 0.2570426531985061,
      "inter_cluster_acc": null
    },
    "PSR_full": {
      "intra_cluster_acc": 0.8130476711045707,
      "inter_cluster_acc": null
    },
    "PSR_no_mean": {
      "intra_cluster_acc": 0.017023445463812438,
      "inter_cluster_acc": null
    },
    "PSR_no_subspace": {
      "intra_cluster_acc": 0.9442666722256177,
      "inter_cluster_acc": null
    },
    "PSR_no_penalty": {
      "intra_cluster_acc": 0.7292944855682821,
      "inter_cluster_acc": null
    },
    "Mahalanobis": {
      "intra_cluster_acc": 0.9998629754815173,
      "inter_cluster_acc": null
    }
  },