{
  "backbone": "Llama-2-7b-hf",
  "benchmark": "Long_Sequence",
  "k": 8,
  "d_model": 4096,
  "tasks": [
    "agnews",
    "amazon",
    "boolq",
    "cb",
    "copa",
    "dbpedia",
    "imdb",
    "mnli",
    "multirc",
    "qqp",
    "rte",
    "sst2",
    "wic",
    "yahoo",
    "yelp"
  ],
  "phase_B_distance": {
    "L2": {
      "accuracy": 0.1990516645263262,
      "per_task": {
        "agnews": 0.125,
        "amazon": 0.11289473684210527,
        "boolq": 0.07400611620795107,
        "cb": 0.3392857142857143,
        "copa": 0.68,
        "dbpedia": 0.42026315789473684,
        "imdb": 0.10302631578947369,
        "mnli": 0.12184210526315789,
        "multirc": 0.2132838283828383,
        "qqp": 0.055,
        "rte": 0.3104693140794224,
        "sst2": 0.3555045871559633,
        "wic": 0.26959247648902823,
        "yahoo": 0.3865789473684211,
        "yelp": 0.27723684210526317
      }
    },
    "Cosine": {
      "accuracy": 0.21597211442119077,
      "per_task": {
        "agnews": 0.11013157894736843,
        "amazon": 0.18210526315789474,
        "boolq": 0.17920489296636086,
        "cb": 0.375,
        "copa": 0.67,
        "dbpedia": 0.39210526315789473,
        "imdb": 0.08973684210526316,
        "mnli": 0.14986842105263157,
        "multirc": 0.2885726072607261,
        "qqp": 0.0325,
        "rte": 0.3176895306859206,
        "sst2": 0.39105504587155965,
        "wic": 0.26332288401253917,
        "yahoo": 0.4446052631578947,
        "yelp": 0.2613157894736842
      }
    },
    "NormL2": {
      "accuracy": 0.21597211442119077,
      "per_task": {
        "agnews": 0.11013157894736843,
        "amazon": 0.18210526315789474,
        "boolq": 0.17920489296636086,
        "cb": 0.375,
        "copa": 0.67,
        "dbpedia": 0.39210526315789473,
        "imdb": 0.08973684210526316,
        "mnli": 0.14986842105263157,
        "multirc": 0.2885726072607261,
        "qqp": 0.0325,
        "rte": 0.3176895306859206,
        "sst2": 0.39105504587155965,
        "wic": 0.26332288401253917,
        "yahoo": 0.4446052631578947,
        "yelp": 0.2613157894736842
      }
    },
    "SpectralAffinity": {
      "accuracy": 0.554338775913408,
      "per_task": {
        "agnews": 0.6203947368421052,
        "amazon": 0.4639473684210526,
        "boolq": 0.6914373088685015,
        "cb": 0.5178571428571429,
        "copa": 0.7,
        "dbpedia": 0.6485526315789474,
        "imdb": 0.680921052631579,
        "mnli": 0.5575,
        "multirc": 0.4018151815181518,
        "qqp": 0.5964473684210526,
        "rte": 0.5487364620938628,
        "sst2": 0.5034403669724771,
        "wic": 0.6551724137931034,
        "yahoo": 0.5667105263157894,
        "yelp": 0.3344736842105263
      }
    },
    "SubspaceResidual": {
      "accuracy": 0.554338775913408,
      "per_task": {
        "agnews": 0.6203947368421052,
        "amazon": 0.4639473684210526,
        "boolq": 0.6914373088685015,
        "cb": 0.5178571428571429,
        "copa": 0.7,
        "dbpedia": 0.6485526315789474,
        "imdb": 0.680921052631579,
        "mnli": 0.5575,
        "multirc": 0.4018151815181518,
        "qqp": 0.5964473684210526,
        "rte": 0.5487364620938628,
        "sst2": 0.5034403669724771,
        "wic": 0.6551724137931034,
        "yahoo": 0.5667105263157894,
        "yelp": 0.3344736842105263
      }
    },
    "WeightedSpectral": {
      "accuracy": 0.25795571612029183,
      "per_task": {
        "agnews": 0.5455263157894736,
        "amazon": 0.25592105263157894,
        "boolq": 0.25443425076452597,
        "cb": 0.07142857142857142,
        "copa": 0.57,
        "dbpedia": 0.2644736842105263,
        "imdb": 0.19460526315789473,
        "mnli": 0.06618421052631579,
        "multirc": 0.05816831683168317,
        "qqp": 0.22763157894736843,
        "rte": 0.16967509025270758,
        "sst2": 0.31880733944954126,
        "wic": 0.1724137931034483,
        "yahoo": 0.15802631578947368,
        "yelp": 0.48092105263157897
      }
    },
    "PSR_full": {
      "accuracy": 0.11151409096682237,
      "per_task": {
        "agnews": 0.15894736842105264,
        "amazon": 0.0,
        "boolq": 0.005810397553516819,
        "cb": 0.0,
        "copa": 0.34,
        "dbpedia": 0.30105263157894735,
        "imdb": 0.05026315789473684,
        "mnli": 0.0002631578947368421,
        "multirc": 0.4148102310231023,
        "qqp": 0.0002631578947368421,
        "rte": 0.0,
        "sst2": 0.0,
        "wic": 0.0,
        "yahoo": 0.21671052631578946,
        "yelp": 0.04065789473684211
      }
    },
    "PSR_no_mean": {
      "accuracy": 0.06670806226273973,
      "per_task": {
        "agnews": 0.0075,
        "amazon": 0.0,
        "boolq": 0.0003058103975535168,
        "cb": 0.0,
        "copa": 0.0,
        "dbpedia": 0.0002631578947368421,
        "imdb": 0.0,
        "mnli": 0.0,
        "multirc": 0.9626650165016502,
        "qqp": 0.0,
        "rte": 0.0,
        "sst2": 0.0,
        "wic": 0.0,
        "yahoo": 0.0,
        "yelp": 0.0
      }
    },
    "PSR_no_subspace": {
      "accuracy": 0.22929396988470385,
      "per_task": {
        "agnews": 0.3828947368421053,
        "amazon": 0.12592105263157893,
        "boolq": 0.2489296636085627,
        "cb": 0.017857142857142856,
        "copa": 0.39,
        "dbpedia": 0.3323684210526316,
        "imdb": 0.013421052631578948,
        "mnli": 0.1618421052631579,
        "multirc": 0.4698844884488449,
        "qqp": 0.028552631578947368,
        "rte": 0.18050541516245489,
        "sst2": 0.0022935779816513763,
        "wic": 0.26489028213166144,
        "yahoo": 0.37407894736842107,
        "yelp": 0.2776315789473684
      }
    },
    "PSR_no_penalty": {
      "accuracy": 0.0987143844992309,
      "per_task": {
        "agnews": 0.3263157894736842,
        "amazon": 0.0,
        "boolq": 0.0012232415902140672,
        "cb": 0.0,
        "copa": 0.31,
        "dbpedia": 0.13092105263157894,
        "imdb": 0.06276315789473684,
        "mnli": 0.0,
        "multirc": 0.5369224422442245,
        "qqp": 0.0,
        "rte": 0.0,
        "sst2": 0.0,
        "wic": 0.0,
        "yahoo": 0.053289473684210525,
        "yelp": 0.0
      }
    },
    "Mahalanobis": {
      "accuracy": 0.9500289298768011,
      "per_task": {
        "agnews": 0.9664473684210526,
        "amazon": 0.9528947368421052,
        "boolq": 0.8920489296636086,
        "cb": 0.7857142857142857,
        "copa": 0.9,
        "dbpedia": 0.9844736842105263,
        "imdb": 0.9403947368421053,
        "mnli": 0.9477631578947369,
        "multirc": 0.8811881188118812,
        "qqp": 0.9447368421052632,
        "rte": 0.8628158844765343,
        "sst2": 0.8899082568807339,
        "wic": 0.9404388714733543,
        "yahoo": 0.9656578947368422,
        "yelp": 0.9794736842105263
      }
    }
  },
  "phase_B_domain_breakdown": {
    "L2": {
      "intra_cluster_acc": 0.256265609457605,
      "inter_cluster_acc": null
    },
    "Cosine": {
      "intra_cluster_acc": 0.2764808921233159,
      "inter_cluster_acc": null
    },
    "NormL2": {
      "intra_cluster_acc": 0.2764808921233159,
      "inter_cluster_acc": null
    },
    "SpectralAffinity": {
      "intra_cluster_acc": 0.5658270829682859,
      "inter_cluster_acc": null
    },
    "SubspaceResidual": {
      "intra_cluster_acc": 0.5658270829682859,
      "inter_cluster_acc": null
    },
    "WeightedSpectral": {
      "intra_cluster_acc": 0.2538811223676459,
      "inter_cluster_acc": null
    },
    "PSR_full": {
      "intra_cluster_acc": 0.10191856822089741,
      "inter_cluster_acc": null
    },
    "PSR_no_mean": {
      "intra_cluster_acc": 0.0647155989862627,
      "inter_cluster_acc": null
    },
    "PSR_no_subspace": {
      "intra_cluster_acc": 0.21807140643374046,
      "inter_cluster_acc": null
    },
    "PSR_no_penalty": {
      "intra_cluster_acc": 0.0947623438345766,
      "inter_cluster_acc": null
    },
    "Mahalanobis": {
      "intra_cluster_acc": 0.9222637634855705,