{
  "backbone": "flan-t5-large",
  "benchmark": "Long_Sequence",
  "k": 8,
  "d_model": 1024,
  "tasks": [
    "agnews",
    "amazon",
    "boolq",
    "cb",
    "copa",
    "dbpedia",
    "imdb",
    "mnli",
    "multirc",
    "qqp",
    "rte",
    "sst2",
    "wic",
    "yahoo",
    "yelp"
  ],
  "phase_B_distance": {
    "L2": {
      "accuracy": 0.9674009680924627,
      "per_task": {
        "agnews": 0.991578947368421,
        "amazon": 0.9448684210526316,
        "boolq": 0.882874617737003,
        "cb": 1.0,
        "copa": 1.0,
        "dbpedia": 0.9994736842105263,
        "imdb": 0.9817105263157895,
        "mnli": 0.9560526315789474,
        "multirc": 0.9630775577557755,
        "qqp": 0.9906578947368421,
        "rte": 0.8592057761732852,
        "sst2": 0.9942660550458715,
        "wic": 0.9984326018808778,
        "yahoo": 0.9515789473684211,
        "yelp": 0.96
      }
    },
    "Cosine": {
      "accuracy": 0.9714088144395365,
      "per_task": {
        "agnews": 0.9897368421052631,
        "amazon": 0.9260526315789473,
        "boolq": 0.9299694189602447,
        "cb": 1.0,
        "copa": 1.0,
        "dbpedia": 0.9994736842105263,
        "imdb": 0.9918421052631579,
        "mnli": 0.958421052631579,
        "multirc": 0.9940181518151815,
        "qqp": 0.9917105263157895,
        "rte": 0.8303249097472925,
        "sst2": 0.9896788990825688,
        "wic": 0.9984326018808778,
        "yahoo": 0.9532894736842106,
        "yelp": 0.9643421052631579
      }
    },
    "NormL2": {
      "accuracy": 0.9714088144395365,
      "per_task": {
        "agnews": 0.9897368421052631,
        "amazon": 0.9260526315789473,
        "boolq": 0.9299694189602447,
        "cb": 1.0,
        "copa": 1.0,
        "dbpedia": 0.9994736842105263,
        "imdb": 0.9918421052631579,
        "mnli": 0.958421052631579,
        "multirc": 0.9940181518151815,
        "qqp": 0.9917105263157895,
        "rte": 0.8303249097472925,
        "sst2": 0.9896788990825688,
        "wic": 0.9984326018808778,
        "yahoo": 0.9532894736842106,
        "yelp": 0.9643421052631579
      }
    },
    "SpectralAffinity": {
      "accuracy": 0.508502561352507,
      "per_task": {
        "agnews": 0.7213157894736842,
        "amazon": 0.06513157894736842,
        "boolq": 0.3321100917431193,
        "cb": 0.7321428571428571,
        "copa": 0.99,
        "dbpedia": 0.16973684210526316,
        "imdb": 0.9893421052631579,
        "mnli": 0.8778947368421053,
        "multirc": 0.8498349834983498,
        "qqp": 0.1355263157894737,
        "rte": 0.12274368231046931,
        "sst2": 0.47591743119266056,
        "wic": 0.9843260188087775,
        "yahoo": 0.8780263157894737,
        "yelp": 0.05907894736842105
      }
    },
    "SubspaceResidual": {
      "accuracy": 0.508502561352507,
      "per_task": {
        "agnews": 0.7213157894736842,
        "amazon": 0.06513157894736842,
        "boolq": 0.3321100917431193,
        "cb": 0.7321428571428571,
        "copa": 0.99,
        "dbpedia": 0.16973684210526316,
        "imdb": 0.9893421052631579,
        "mnli": 0.8778947368421053,
        "multirc": 0.8498349834983498,
        "qqp": 0.1355263157894737,
        "rte": 0.12274368231046931,
        "sst2": 0.47591743119266056,
        "wic": 0.9843260188087775,
        "yahoo": 0.8780263157894737,
        "yelp": 0.05907894736842105
      }
    },
    "WeightedSpectral": {
      "accuracy": 0.31217453888598806,
      "per_task": {
        "agnews": 0.7457894736842106,
        "amazon": 0.11513157894736842,
        "boolq": 0.038837920489296636,
        "cb": 0.42857142857142855,
        "copa": 0.87,
        "dbpedia": 0.15605263157894736,
        "imdb": 0.003947368421052632,
        "mnli": 0.6063157894736843,
        "multirc": 0.0,
        "qqp": 0.45631578947368423,
        "rte": 0.26353790613718414,
        "sst2": 0.8795871559633027,
        "wic": 0.10658307210031348,
        "yahoo": 0.5848684210526316,
        "yelp": 0.09144736842105264
      }
    },
    "PSR_full": {
      "accuracy": 0.81149010033728,
      "per_task": {
        "agnews": 0.9742105263157895,
        "amazon": 0.7934210526315789,
        "boolq": 0.7874617737003058,
        "cb": 0.7857142857142857,
        "copa": 1.0,
        "dbpedia": 0.8526315789473684,
        "imdb": 0.7910526315789473,
        "mnli": 0.8078947368421052,
        "multirc": 0.8382838283828383,
        "qqp": 0.883421052631579,
        "rte": 0.7906137184115524,
        "sst2": 0.8096330275229358,
        "wic": 0.9467084639498433,
        "yahoo": 0.8886842105263157,
        "yelp": 0.48118421052631577
      }
    },
    "PSR_no_mean": {
      "accuracy": 0.006294012221108931,
      "per_task": {
        "agnews": 0.0,
        "amazon": 0.0,
        "boolq": 0.1180428134556575,
        "cb": 0.0,
        "copa": 0.0,
        "dbpedia": 0.0,
        "imdb": 0.0,
        "mnli": 0.0,
        "multirc": 0.0,
        "qqp": 0.0,
        "rte": 0.0,
        "sst2": 0.0,
        "wic": 0.0,
        "yahoo": 0.007894736842105263,
        "yelp": 0.0
      }
    },
    "PSR_no_subspace": {
      "accuracy": 0.935013618210299,
      "per_task": {
        "agnews": 0.9809210526315789,
        "amazon": 0.9307894736842105,
        "boolq": 0.9400611620795107,
        "cb": 0.9285714285714286,
        "copa": 1.0,
        "dbpedia": 0.9957894736842106,
        "imdb": 0.9414473684210526,
        "mnli": 0.8927631578947368,
        "multirc": 0.9181105610561056,
        "qqp": 0.9530263157894737,
        "rte": 0.855595667870036,
        "sst2": 0.9805045871559633,
        "wic": 0.9843260188087775,
        "yahoo": 0.9847368421052631,
        "yelp": 0.8019736842105263
      }
    },
    "PSR_no_penalty": {
      "accuracy": 0.6698042646872046,
      "per_task": {
        "agnews": 0.9698684210526316,
        "amazon": 0.3606578947368421,
        "boolq": 0.8290519877675842,
        "cb": 0.75,
        "copa": 1.0,
        "dbpedia": 0.7242105263157895,
        "imdb": 0.5143421052631579,
        "mnli": 0.7085526315789473,
        "multirc": 0.7875412541254125,
        "qqp": 0.8328947368421052,
        "rte": 0.7906137184115524,
        "sst2": 0.6743119266055045,
        "wic": 0.9012539184952978,
        "yahoo": 0.9025,
        "yelp": 0.1725
      }
    },
    "Mahalanobis": {
      "accuracy": 0.9998165422446762,
      "per_task": {
        "agnews": 0.9996052631578948,
        "amazon": 1.0,
        "boolq": 0.9972477064220183,
        "cb": 1.0,
        "copa": 1.0,
        "dbpedia": 1.0,
        "imdb": 1.0,
        "mnli": 1.0,
        "multirc": 1.0,
        "qqp": 1.0,
        "rte": 1.0,
        "sst2": 1.0,
        "wic": 1.0,
        "yahoo": 1.0,
        "yelp": 0.9998684210526316
      }
    }
  },
  "phase_B_domain_breakdown": {
    "L2": {
      "intra_cluster_acc": 0.9649185107482928,
      "inter_cluster_acc": null
    },
    "Cosine": {
      "intra_cluster_acc": 0.9678194935025864,
      "inter_cluster_acc": null
    },
    "NormL2": {
      "intra_cluster_acc": 0.9678194935025864,
      "inter_cluster_acc": null
    },
    "SpectralAffinity": {
      "intra_cluster_acc": 0.5588751797516787,
      "inter_cluster_acc": null
    },
    "SubspaceResidual": {
      "intra_cluster_acc": 0.5588751797516787,
      "inter_cluster_acc": null
    },
    "WeightedSpectral": {
      "intra_cluster_acc": 0.3564657269542772,
      "inter_cluster_acc": null
    },
    "PSR_full": {
      "intra_cluster_acc": 0.828727673178784,
      "inter_cluster_acc": null
    },
    "PSR_no_mean": {
      "intra_cluster_acc": 0.008395836686517518,
      "inter_cluster_acc": null
    },
    "PSR_no_subspace": {
      "intra_cluster_acc": 0.9392411195975251,
      "inter_cluster_acc": null
    },
    "PSR_no_penalty": {
      "intra_cluster_acc": 0.727886608079655,
      "inter_cluster_acc": null
    },
    "Mahalanobis": {
      "intra_cluster_acc": 0.9997814260421697,
      "inter_cluster_acc": null
    }
  },