{
  "backbone": "flan-t5-large",
  "benchmark": "SuperNI",
  "k": 8,
  "tasks": [
    "task002_quoref_answer_generation",
    "task073_commonsenseqa_answer_generation",
    "task1290_xsum_summarization",
    "task1510_evalution_relation_extraction",
    "task1572_samsum_summary",
    "task1590_diplomacy_text_generation",
    "task1687_sentiment140_classification",
    "task1729_personachat_generate_next",
    "task181_outcome_extraction",
    "task363_sst2_polarity_classification",
    "task511_reddit_tifu_long_text_summarization",
    "task591_sciq_answer_generation",
    "task639_multi_woz_user_utterance_generation",
    "task748_glucose_reverse_cause_event_detection",
    "task875_emotion_classification"
  ],
  "E1_kl_confusion": {
    "spearman": {
      "rho": -0.13316210949103321,
      "pval": 0.05400781690862107
    },
    "PSR_accuracy": 0.9826821705426358
  },
  "E2_grassmann": {
    "d": 1024,
    "k": 8,
    "T_actual": 15,
    "T_max_bound": 195.7305574959131,
    "delta_max": 0.3460397720336914,
    "delta_mean": 0.10725328326225281,
    "geodesic_to_nearest": {
      "task002_quoref_answer_generation": 3.5051677227020264,
      "task073_commonsenseqa_answer_generation": 3.4570837020874023,
      "task1290_xsum_summarization": 3.470411777496338,
      "task1510_evalution_relation_extraction": 3.7934467792510986,
      "task1572_samsum_summary": 3.2154719829559326,
      "task1590_diplomacy_text_generation": 3.2533977031707764,
      "task1687_sentiment140_classification": 2.879842519760132,
      "task1729_personachat_generate_next": 3.2533977031707764,
      "task181_outcome_extraction": 3.5972959995269775,
      "task363_sst2_polarity_classification": 3.0094356536865234,
      "task511_reddit_tifu_long_text_summarization": 2.8604416847229004,
      "task591_sciq_answer_generation": 3.6291613578796387,
      "task639_multi_woz_user_utterance_generation": 3.530308485031128,
      "task748_glucose_reverse_cause_event_detection": 2.860441207885742,
      "task875_emotion_classification": 2.8798422813415527
    },
    "mean_geodesic_nn": 3.2796764373779297,
    "bound_satisfied": true
  },
  "E3_rmt": {
    "task002_quoref_answer_generation": {
      "n": 1000,
      "d": 1024,
      "gamma": 1.024,
      "sigma2_est": 7.864916369726416e-06,
      "mp_lower": 0.0,
      "mp_upper": 3.183606230677646e-05,
      "n_signal_eigvals": 293,
      "top5_eigvals": [
        0.03580886125564575,
        0.01866389997303486,
        0.006333605851978064,
        0.00518870260566473,
        0.0042665330693125725
      ],
      "evr_k_signal": 0.9683660268783569,
      "oas_shrinkage_alpha": 0.013967927753993876,
      "eigenvalue_inflation_ratio": 4552.986906953135
    },
    "task073_commonsenseqa_answer_generation": {
      "n": 975,
      "d": 1024,
      "gamma": 1.0502564102564103,
      "sigma2_est": 3.5292932807351463e-06,
      "mp_lower": 0.0,
      "mp_upper": 1.4469738153696582e-05,
      "n_signal_eigvals": 274,
      "top5_eigvals": [
        0.0037773980293422937,
        0.0017420692602172494,
        0.001371484249830246,
        0.000933702802285552,
        0.0007759106811136007
      ],
      "evr_k_signal": 0.9254980087280273,
      "oas_shrinkage_alpha": 0.04319047986295958,
      "eigenvalue_inflation_ratio": 1070.2987053984552
    },
    "task1290_xsum_summarization": {
      "n": 1000,
      "d": 1024,
      "gamma": 1.024,
      "sigma2_est": 1.3544640751206316e-05,
      "mp_lower": 0.0,
      "mp_upper": 5.482677839247102e-05,
      "n_signal_eigvals": 276,
      "top5_eigvals": [
        0.023973820731043816,
        0.01928546093404293,
        0.01076550967991352,
        0.008611436933279037,
        0.0076753851026296616
      ],
      "evr_k_signal": 0.9535849690437317,
      "oas_shrinkage_alpha": 0.027824095060492025,
      "eigenvalue_inflation_ratio": 1769.9857213938033
    },
    "task1510_evalution_relation_extraction": {
      "n": 1000,
      "d": 1024,
      "gamma": 1.024,
      "sigma2_est": 7.53601341330068e-08,
      "mp_lower": 0.0,
      "mp_upper": 3.050470994123097e-07,
      "n_signal_eigvals": 332,
      "top5_eigvals": [
        0.0018976922146975994,
        0.0009902294259518385,
        0.0007528116693720222,
        0.0005756969330832362,
        0.0003437706909608096
      ],
      "evr_k_signal": 0.99452805519104,
      "oas_shrinkage_alpha": 0.009787459067168585,
      "eigenvalue_inflation_ratio": 25181.645926323185
    },
    "task1572_samsum_summary": {
      "n": 160,
      "d": 1024,
      "gamma": 6.4,
      "sigma2_est": 1.6677375626328317e-12,
      "mp_lower": 0.0,
      "mp_upper": 2.0779416743222902e-11,
      "n_signal_eigvals": 468,
      "top5_eigvals": [
        0.025878826156258583,
        0.0074916076846420765,
        0.0058390116319060326,
        0.004194938577711582,
        0.002895754063501954
      ],
      "evr_k_signal": 1.0,
      "oas_shrinkage_alpha": 0.09149795482313941,
      "eigenvalue_inflation_ratio": 15517325229.159004
    },
    "task1590_diplomacy_text_generation": {
      "n": 126,
      "d": 1024,
      "gamma": 8.126984126984127,
      "sigma2_est": 0.0,
      "mp_lower": 0.0,
      "mp_upper": 0.0,
      "n_signal_eigvals": 510,
      "top5_eigvals": [
        0.015223410911858082,
        0.0036737665068358183,
        0.002269095042720437,
        0.0018297835486009717,
        0.001638856716454029
      ],
      "evr_k_signal": 0.9999999403953552,
      "oas_shrinkage_alpha": 0.09161563201472177,
      "eigenvalue_inflation_ratio": 15223410911.858082
    },
    "task1687_sentiment140_classification": {
      "n": 1000,
      "d": 1024,
      "gamma": 1.024,
      "sigma2_est": 4.496308974921703e-06,
      "mp_lower": 0.0,
      "mp_upper": 1.82004189169916e-05,
      "n_signal_eigvals": 285,
      "top5_eigvals": [
        0.008700544945895672,
        0.0058440351858735085,
        0.002565548988059163,
        0.0020392220467329025,
        0.0014766568783670664
      ],
      "evr_k_signal": 0.9495205283164978,
      "oas_shrinkage_alpha": 0.02493489023252946,
      "eigenvalue_inflation_ratio": 1935.0416073324186
    },
    "task1729_personachat_generate_next": {
      "n": 1000,
      "d": 1024,
      "gamma": 1.024,
      "sigma2_est": 4.062244443048257e-06,
      "mp_lower": 0.0,
      "mp_upper": 1.6443387458262246e-05,
      "n_signal_eigvals": 276,
      "top5_eigvals": [
        0.01775912009179592,
        0.0027913989033550024,
        0.0018371142214164138,
        0.0015497804852202535,
        0.0013904878869652748
      ],
      "evr_k_signal": 0.9545642137527466,
      "oas_shrinkage_alpha": 0.011179736059060044,
      "eigenvalue_inflation_ratio": 4371.7507256825
    },
    "task181_outcome_extraction": {
      "n": 338,
      "d": 1024,
      "gamma": 3.029585798816568,
      "sigma2_est": 1.5865597030595424e-11,
      "mp_lower": 0.0,
      "mp_upper": 1.1916216601239205e-10,
      "n_signal_eigvals": 338,
      "top5_eigvals": [
        0.004288410767912865,
        0.0021826988086104393,
        0.0014973722863942385,
        0.000975708244368434,
        0.0007036260212771595
      ],
      "evr_k_signal": 0.9999996423721313,
      "oas_shrinkage_alpha": 0.043430347129563895,
      "eigenvalue_inflation_ratio": 270296211.3334303
    },
    "task363_sst2_polarity_classification": {
      "n": 1000,
      "d": 1024,
      "gamma": 1.024,
      "sigma2_est": 2.893426426453516e-06,
      "mp_lower": 0.0,
      "mp_upper": 1.1712178446959375e-05,
      "n_signal_eigvals": 282,
      "top5_eigvals": [
        0.010044928640127182,
        0.007691225968301296,
        0.0021762135438621044,
        0.0014114811783656478,
        0.0011572593357414007
      ],
      "evr_k_signal": 0.9598866701126099,
      "oas_shrinkage_alpha": 0.013306826736890882,
      "eigenvalue_inflation_ratio": 3471.6378299064927
    },
    "task511_reddit_tifu_long_text_summarization": {
      "n": 1000,
      "d": 1024,
      "gamma": 1.024,