{
  "backbone": "Llama-2-7b-hf",
  "benchmark": "Long_Sequence",
  "k": 8,
  "tasks": [
    "agnews",
    "amazon",
    "boolq",
    "cb",
    "copa",
    "dbpedia",
    "imdb",
    "mnli",
    "multirc",
    "qqp",
    "rte",
    "sst2",
    "wic",
    "yahoo",
    "yelp"
  ],
  "E1_kl_confusion": {
    "spearman": {
      "rho": -0.44258266820227604,
      "pval": 1.7445390923919198e-11
    },
    "PSR_accuracy": 0.07714716832221549
  },
  "E2_grassmann": {
    "d": 4096,
    "k": 8,
    "T_actual": 15,
    "T_max_bound": 518.1330756033938,
    "delta_max": 0.01183687336742878,
    "delta_mean": 0.0005483326385729015,
    "geodesic_to_nearest": {
      "agnews": 4.388934135437012,
      "amazon": 4.334290504455566,
      "boolq": 4.358297824859619,
      "cb": 4.343276023864746,
      "copa": 4.295901298522949,
      "dbpedia": 4.418341636657715,
      "imdb": 4.374402046203613,
      "mnli": 4.2259321212768555,
      "multirc": 4.388899803161621,
      "qqp": 4.340615749359131,
      "rte": 4.225932598114014,
      "sst2": 4.385899543762207,
      "wic": 4.295901298522949,
      "yahoo": 4.390784740447998,
      "yelp": 4.334290504455566
    },
    "mean_geodesic_nn": 4.3401133219401045,
    "bound_satisfied": true
  },
  "E3_rmt": {
    "agnews": {
      "n": 4000,
      "d": 4096,
      "gamma": 1.024,
      "sigma2_est": 0.5360901951789856,
      "mp_lower": 0.0,
      "mp_upper": 2.170016825794147,
      "n_signal_eigvals": 1128,
      "top5_eigvals": [
        12.941299438476562,
        12.48556137084961,
        11.743508338928223,
        11.697270393371582,
        11.41569709777832
      ],
      "evr_k_signal": 0.7943971753120422,
      "oas_shrinkage_alpha": 0.5550199381558008,
      "eigenvalue_inflation_ratio": 24.140153195967002
    },
    "amazon": {
      "n": 5000,
      "d": 4096,
      "gamma": 0.8192,
      "sigma2_est": 0.08625759184360504,
      "mp_lower": 0.0007768910910138265,
      "mp_upper": 0.3130627310727587,
      "n_signal_eigvals": 1645,
      "top5_eigvals": [
        10.326903343200684,
        9.956238746643066,
        9.566816329956055,
        9.08287239074707,
        8.932149887084961
      ],
      "evr_k_signal": 0.9675021767616272,
      "oas_shrinkage_alpha": 0.29072113260705057,
      "eigenvalue_inflation_ratio": 119.72167460835853
    },
    "boolq": {
      "n": 2000,
      "d": 4096,
      "gamma": 2.048,
      "sigma2_est": 2.900122581195319e-06,
      "mp_lower": 0.0,
      "mp_upper": 1.7140208807815983e-05,
      "n_signal_eigvals": 1989,
      "top5_eigvals": [
        23.179203033447266,
        17.770288467407227,
        16.4122257232666,
        15.179190635681152,
        14.708734512329102
      ],
      "evr_k_signal": 0.9999997615814209,
      "oas_shrinkage_alpha": 0.4641102887726518,
      "eigenvalue_inflation_ratio": 7992490.794611064
    },
    "cb": {
      "n": 250,
      "d": 4096,
      "gamma": 16.384,
      "sigma2_est": 0.0,
      "mp_lower": 0.0,
      "mp_upper": 0.0,
      "n_signal_eigvals": 1888,
      "top5_eigvals": [
        106.60887908935547,
        66.73343658447266,
        62.67142105102539,
        59.34419250488281,
        54.84357452392578
      ],
      "evr_k_signal": 1.0000001192092896,
      "oas_shrinkage_alpha": 0.46850715483422445,
      "eigenvalue_inflation_ratio": 106608879089355.47
    },
    "copa": {
      "n": 400,
      "d": 4096,
      "gamma": 10.24,
      "sigma2_est": 0.0,
      "mp_lower": 0.0,
      "mp_upper": 0.0,
      "n_signal_eigvals": 1892,
      "top5_eigvals": [
        106.6611557006836,
        90.7790756225586,
        87.69808959960938,
        56.07035446166992,
        50.55611038208008
      ],
      "evr_k_signal": 1.0,
      "oas_shrinkage_alpha": 0.42724391366533065,
      "eigenvalue_inflation_ratio": 106661155700683.6
    },
    "dbpedia": {
      "n": 14000,
      "d": 4096,
      "gamma": 0.2925714285714286,
      "sigma2_est": 1.0403013229370117,
      "mp_lower": 0.21926845285514268,
      "mp_upper": 2.4700590814117382,
      "n_signal_eigvals": 629,
      "top5_eigvals": [
        3.892789363861084,
        3.845324993133545,
        3.814602851867676,
        3.809215784072876,
        3.8004963397979736
      ],
      "evr_k_signal": 0.3533768057823181,
      "oas_shrinkage_alpha": 0.5015252750452333,
      "eigenvalue_inflation_ratio": 3.7419825179793462
    },
    "imdb": {
      "n": 2000,
      "d": 4096,
      "gamma": 2.048,
      "sigma2_est": 2.2631543288298417e-06,
      "mp_lower": 0.0,
      "mp_upper": 1.3375620055503995e-05,
      "n_signal_eigvals": 1977,
      "top5_eigvals": [
        23.007205963134766,
        21.782123565673828,
        20.37255096435547,
        19.474355697631836,
        16.244674682617188
      ],
      "evr_k_signal": 0.9999998211860657,
      "oas_shrinkage_alpha": 0.45272523613867777,
      "eigenvalue_inflation_ratio": 10165990.745770566
    },
    "mnli": {
      "n": 3000,
      "d": 4096,
      "gamma": 1.3653333333333333,
      "sigma2_est": 0.01633177511394024,
      "mp_lower": 0.0,
      "mp_upper": 0.07679662704126801,
      "n_signal_eigvals": 1628,
      "top5_eigvals": [
        16.8759822845459,
        16.042238235473633,
        15.471719741821289,
        14.891834259033203,
        14.365073204040527
      ],
      "evr_k_signal": 0.9941681027412415,
      "oas_shrinkage_alpha": 0.2908626574728322,
      "eigenvalue_inflation_ratio": 1033.3219853205755
    },
    "multirc": {
      "n": 2000,
      "d": 4096,
      "gamma": 2.048,
      "sigma2_est": 1.6782879583843169e-06,
      "mp_lower": 0.0,
      "mp_upper": 9.918962126936734e-06,
      "n_signal_eigvals": 1393,
      "top5_eigvals": [
        24.49376678466797,
        23.469406127929688,
        23.433929443359375,
        23.01365852355957,
        22.62128448486328
      ],
      "evr_k_signal": 0.999999463558197,
      "oas_shrinkage_alpha": 0.35506802634171636,
      "eigenvalue_inflation_ratio": 14594495.933968358
    },
    "qqp": {
      "n": 2000,
      "d": 4096,
      "gamma": 2.048,
      "sigma2_est": 1.7015569255818264e-06,
      "mp_lower": 0.0,
      "mp_upper": 1.0056485609252144e-05,
      "n_signal_eigvals": 1899,
      "top5_eigvals": [
        22.89919090270996,
        21.438846588134766,
        20.86467933654785,
        20.62388801574707,
        19.519426345825195
      ],
      "evr_k_signal": 0.9999996423721313,
      "oas_shrinkage_alpha": 0.33480247076316627,
      "eigenvalue_inflation_ratio": 13457787.135085043
    },
    "rte": {
      "n": 2000,
      "d": 4096,
      "gamma": 2.048,
      "sigma2_est": 2.0345878510852344e-06,
      "mp_lower": 0.0,
      "mp_upper": 1.2024753998871701e-05,
      "n_signal_eigvals": 1984,
      "top5_eigvals": [
        22.36536979675293,
        20.214601516723633,
        17.920364379882812,
        16.700490951538086,
        15.970309257507324
      ],
      "evr_k_signal": 0.9999998807907104,
      "oas_shrinkage_alpha": 0.35611539086815097,
      "eigenvalue_inflation_ratio": 10992580.037683506
    },
    "sst2": {
      "n": 2000,
      "d": 4096,
      "gamma": 2.048,
      "sigma2_est": 1.0087622968057985e-06,
      "mp_lower": 0.0,
      "mp_upper": 5.961953648723701e-06,
      "n_signal_eigvals": 1603,
      "top5_eigvals": [
        25.394546508789062,
        24.531330108642578,
        23.550363540649414,
        23.231525421142578,
        22.379968643188477
      ],
      "evr_k_signal": 0.999999463558197,
      "oas_shrinkage_alpha": 0.1653386376738108,
      "eigenvalue_inflation_ratio": 25173964.757802486
    },
    "wic": {
      "n": 2000,
      "d": 4096,
      "gamma": 2.048,
      "sigma2_est": 1.90926471077546e-06,
      "mp_lower": 0.0,
      "mp_upper": 1.1284073309272917e-05,
      "n_signal_eigvals": 1966,
      "top5_eigvals": [
        24.98664093017578,
        23.029006958007812,
        22.359352111816406,
        21.0824031829834,
        20.087961196899414
      ],