{
  "backbone": "flan-t5-large",
  "benchmark": "Long_Sequence",
  "k": 8,
  "tasks": [
    "agnews",
    "amazon",
    "boolq",
    "cb",
    "copa",
    "dbpedia",
    "imdb",
    "mnli",
    "multirc",
    "qqp",
    "rte",
    "sst2",
    "wic",
    "yahoo",
    "yelp"
  ],
  "E1_kl_confusion": {
    "spearman": {
      "rho": -0.49293103108570546,
      "pval": 2.954493039082115e-14
    },
    "PSR_accuracy": 0.12760906787205595
  },
  "E2_grassmann": {
    "d": 1024,
    "k": 8,
    "T_actual": 15,
    "T_max_bound": 187.22238603174588,
    "delta_max": 0.3163210739602816,
    "delta_mean": 0.032447590175286596,
    "geodesic_to_nearest": {
      "agnews": 4.327169119742611,
      "amazon": 4.0613504611561035,
      "boolq": 4.16498054576193,
      "cb": 3.98468750033335,
      "copa": 4.219497797995615,
      "dbpedia": 4.398567520770073,
      "imdb": 4.08372997962342,
      "mnli": 3.98468750033335,
      "multirc": 4.16498054576193,
      "qqp": 4.141197076402734,
      "rte": 4.009569772195396,
      "sst2": 4.191328037642444,
      "wic": 4.202168885080746,
      "yahoo": 4.341946779849238,
      "yelp": 4.0613504611561035
    },
    "mean_geodesic_nn": 4.15581413225367,
    "bound_satisfied": true
  },
  "E3_rmt": {
    "agnews": {
      "n": 4000,
      "d": 1024,
      "gamma": 0.256,
      "sigma2_est": 0.68605818618571,
      "mp_lower": 0.16744700960902478,
      "mp_upper": 1.5559311540894787,
      "n_signal_eigvals": 244,
      "top5_eigvals": [
        12.546447540188977,
        12.196463521302208,
        11.8936769167564,
        11.592461784425186,
        11.000637460900318
      ],
      "evr_k_signal": 0.6485791380592649,
      "oas_shrinkage_alpha": 0.14543753335292967,
      "eigenvalue_inflation_ratio": 18.287730972125974
    },
    "amazon": {
      "n": 5000,
      "d": 1024,
      "gamma": 0.2048,
      "sigma2_est": 0.3784423534856006,
      "mp_lower": 0.11342042979898488,
      "mp_upper": 0.7984742651599184,
      "n_signal_eigvals": 250,
      "top5_eigvals": [
        9.194611094162585,
        7.871180245133853,
        7.042980081219928,
        6.204003782107993,
        5.785061567432633
      ],
      "evr_k_signal": 0.6419571175897725,
      "oas_shrinkage_alpha": 0.11619025550773564,
      "eigenvalue_inflation_ratio": 24.295935720398777
    },
    "boolq": {
      "n": 2000,
      "d": 1024,
      "gamma": 0.512,
      "sigma2_est": 0.712331518371671,
      "mp_lower": 0.05763936931736069,
      "mp_upper": 2.096451142238572,
      "n_signal_eigvals": 216,
      "top5_eigvals": [
        19.098976085051202,
        18.076371228588513,
        16.243142630218394,
        14.38113610374772,
        13.339577635851025
      ],
      "evr_k_signal": 0.6410927492625744,
      "oas_shrinkage_alpha": 0.2508457873514231,
      "eigenvalue_inflation_ratio": 26.8119205629281
    },
    "cb": {
      "n": 250,
      "d": 1024,
      "gamma": 4.096,
      "sigma2_est": 1.198869617594137e-15,
      "mp_lower": 0.0,
      "mp_upper": 1.0962122591000581e-14,
      "n_signal_eigvals": 252,
      "top5_eigvals": [
        100.42670439474361,
        58.53587230016197,
        30.635900051320093,
        28.128159950567703,
        24.4248480740395
      ],
      "evr_k_signal": 0.9999999999999996,
      "oas_shrinkage_alpha": 0.37352726619503546,
      "eigenvalue_inflation_ratio": 100426704394743.61
    },
    "copa": {
      "n": 400,
      "d": 1024,
      "gamma": 2.56,
      "sigma2_est": 2.0609811422552717e-15,
      "mp_lower": 0.0,
      "mp_upper": 1.3932232521645639e-14,
      "n_signal_eigvals": 400,
      "top5_eigvals": [
        74.66475990920569,
        42.604631180884034,
        40.06311469173824,
        32.33400754547852,
        30.439720328286114
      ],
      "evr_k_signal": 0.9999999999999996,
      "oas_shrinkage_alpha": 0.33975975518369433,
      "eigenvalue_inflation_ratio": 74664759909205.69
    },
    "dbpedia": {
      "n": 14000,
      "d": 1024,
      "gamma": 0.07314285714285715,
      "sigma2_est": 0.5820890872622282,
      "mp_lower": 0.3098135022286104,
      "mp_upper": 0.9395159902039205,
      "n_signal_eigvals": 337,
      "top5_eigvals": [
        3.916350449360137,
        3.8834095705224896,
        3.8060768939302463,
        3.7938303826715356,
        3.7609935360975766
      ],
      "evr_k_signal": 0.6840042004420891,
      "oas_shrinkage_alpha": 0.08494418493960502,
      "eigenvalue_inflation_ratio": 6.728094607957907
    },
    "imdb": {
      "n": 2000,
      "d": 1024,
      "gamma": 0.512,
      "sigma2_est": 0.2709070237499961,
      "mp_lower": 0.02192084667022369,
      "mp_upper": 0.7973019931497645,
      "n_signal_eigvals": 226,
      "top5_eigvals": [
        16.74719167555751,
        14.499533065379019,
        12.239875374606651,
        10.076825436097094,
        9.279159054932732
      ],
      "evr_k_signal": 0.7013401668794184,
      "oas_shrinkage_alpha": 0.138789319768896,
      "eigenvalue_inflation_ratio": 61.81896446883006
    },
    "mnli": {
      "n": 3000,
      "d": 1024,
      "gamma": 0.3413333333333333,
      "sigma2_est": 0.5113551053656942,
      "mp_lower": 0.08839209897484483,
      "mp_upper": 1.2834031970195239,
      "n_signal_eigvals": 214,
      "top5_eigvals": [
        13.53499601427204,
        13.038062450338256,
        11.931366779540324,
        10.345820827210213,
        8.331553413203359
      ],
      "evr_k_signal": 0.6003338576678101,
      "oas_shrinkage_alpha": 0.17798802816288298,
      "eigenvalue_inflation_ratio": 26.46887822620354
    },
    "multirc": {
      "n": 2000,
      "d": 1024,
      "gamma": 0.512,
      "sigma2_est": 0.21237678331940493,
      "mp_lower": 0.01718478479818323,
      "mp_upper": 0.6250426079596972,
      "n_signal_eigvals": 340,
      "top5_eigvals": [
        23.092709028830235,
        20.66807072345289,
        18.478315830416832,
        16.353749970284404,
        15.208492018161545
      ],
      "evr_k_signal": 0.9135313077871814,
      "oas_shrinkage_alpha": 0.1199195926355134,
      "eigenvalue_inflation_ratio": 108.73462093123362
    },
    "qqp": {
      "n": 2000,
      "d": 1024,
      "gamma": 0.512,
      "sigma2_est": 0.483088408130022,
      "mp_lower": 0.039089820471222864,
      "mp_upper": 1.4217695257139635,
      "n_signal_eigvals": 220,
      "top5_eigvals": [
        23.500269803243427,
        16.36548486723802,
        15.769628817818734,
        14.76206608715943,
        14.259420678842307
      ],
      "evr_k_signal": 0.674056360825118,
      "oas_shrinkage_alpha": 0.17523573404995493,
      "eigenvalue_inflation_ratio": 48.64589877908722
    },
    "rte": {
      "n": 2000,
      "d": 1024,
      "gamma": 0.512,
      "sigma2_est": 0.7333331989343836,
      "mp_lower": 0.059338751685006845,
      "mp_upper": 2.1582608418925693,
      "n_signal_eigvals": 200,
      "top5_eigvals": [
        19.205705884078874,
        14.678951808309751,
        13.376591072875058,
        12.24896275553615,
        10.92800444185831
      ],
      "evr_k_signal": 0.5868369142143359,
      "oas_shrinkage_alpha": 0.3016604273700635,
      "eigenvalue_inflation_ratio": 26.18960373263742
    },
    "sst2": {
      "n": 2000,
      "d": 1024,
      "gamma": 0.512,
      "sigma2_est": 0.39663288072394753,
      "mp_lower": 0.032094142272008554,
      "mp_upper": 1.1673236890372087,
      "n_signal_eigvals": 255,
      "top5_eigvals": [
        25.03496720749506,
        21.463811824579675,
        20.145186684913046,
        17.19996050747961,
        15.587867901057331
      ],
      "evr_k_signal": 0.7677183653990126,
      "oas_shrinkage_alpha": 0.13650851328205907,
      "eigenvalue_inflation_ratio": 63.11873882417515
    },
    "wic": {
      "n": 2000,
      "d": 1024,
      "gamma": 0.512,
      "sigma2_est": 0.3793033289622888,
      "mp_lower": 0.030691895693929452,
      "mp_upper": 1.1163213710880318,
      "n_signal_eigvals": 262,