{
  "backbone": "Llama-2-7b-hf",
  "benchmark": "SuperNI",
  "k": 8,
  "tasks": [
    "task002_quoref_answer_generation",
    "task073_commonsenseqa_answer_generation",
    "task1290_xsum_summarization",
    "task1510_evalution_relation_extraction",
    "task1572_samsum_summary",
    "task1590_diplomacy_text_generation",
    "task1687_sentiment140_classification",
    "task1729_personachat_generate_next",
    "task181_outcome_extraction",
    "task363_sst2_polarity_classification",
    "task511_reddit_tifu_long_text_summarization",
    "task591_sciq_answer_generation",
    "task639_multi_woz_user_utterance_generation",
    "task748_glucose_reverse_cause_event_detection",
    "task875_emotion_classification"
  ],
  "E1_kl_confusion": {
    "spearman": {
      "rho": -0.24761195903964206,
      "pval": 0.00029074436257457107
    },
    "PSR_accuracy": 0.10600000000000001
  },
  "E2_grassmann": {
    "d": 4096,
    "k": 8,
    "T_actual": 15,
    "T_max_bound": 1821.2287328052648,
    "delta_max": 0.7188711166381836,
    "delta_mean": 0.4880391061306,
    "geodesic_to_nearest": {
      "task002_quoref_answer_generation": 2.412146806716919,
      "task073_commonsenseqa_answer_generation": 2.484717845916748,
      "task1290_xsum_summarization": 1.8920221328735352,
      "task1510_evalution_relation_extraction": 2.5856738090515137,
      "task1572_samsum_summary": 2.0081350803375244,
      "task1590_diplomacy_text_generation": 2.206638813018799,
      "task1687_sentiment140_classification": 1.711904525756836,
      "task1729_personachat_generate_next": 1.74259614944458,
      "task181_outcome_extraction": 2.356010913848877,
      "task363_sst2_polarity_classification": 1.711904525756836,
      "task511_reddit_tifu_long_text_summarization": 1.7425953149795532,
      "task591_sciq_answer_generation": 2.0112316608428955,
      "task639_multi_woz_user_utterance_generation": 2.011233329772949,
      "task748_glucose_reverse_cause_event_detection": 2.3476507663726807,
      "task875_emotion_classification": 1.9247541427612305
    },
    "mean_geodesic_nn": 2.0766143878300984,
    "bound_satisfied": true
  },
  "E3_rmt": {
    "task002_quoref_answer_generation": {
      "n": 1000,
      "d": 4096,
      "gamma": 4.096,
      "sigma2_est": 1.2992179563298123e-06,
      "mp_lower": 0.0,
      "mp_upper": 1.1879679241765694e-05,
      "n_signal_eigvals": 1077,
      "top5_eigvals": [
        1613.63720703125,
        871.7927856445312,
        633.1356201171875,
        386.07275390625,
        277.9332275390625
      ],
      "evr_k_signal": 0.9999995231628418,
      "oas_shrinkage_alpha": 0.03390861519542343,
      "eigenvalue_inflation_ratio": 1242006546.453258
    },
    "task073_commonsenseqa_answer_generation": {
      "n": 975,
      "d": 4096,
      "gamma": 4.201025641025641,
      "sigma2_est": 1.6957149000518257e-06,
      "mp_lower": 0.0,
      "mp_upper": 1.577066810096074e-05,
      "n_signal_eigvals": 1148,
      "top5_eigvals": [
        3152.935302734375,
        1398.1453857421875,
        876.6297607421875,
        532.1941528320312,
        447.9375305175781
      ],
      "evr_k_signal": 0.9999993443489075,
      "oas_shrinkage_alpha": 0.008939679836295778,
      "eigenvalue_inflation_ratio": 1859354601.7894945
    },
    "task1290_xsum_summarization": {
      "n": 1000,
      "d": 4096,
      "gamma": 4.096,
      "sigma2_est": 1.3403439425019315e-06,
      "mp_lower": 0.0,
      "mp_upper": 1.2255723555074155e-05,
      "n_signal_eigvals": 1115,
      "top5_eigvals": [
        1832.8089599609375,
        852.2086791992188,
        685.340576171875,
        462.9638366699219,
        283.33642578125
      ],
      "evr_k_signal": 0.9999996423721313,
      "oas_shrinkage_alpha": 0.02593573674717214,
      "eigenvalue_inflation_ratio": 1367416900.873782
    },
    "task1510_evalution_relation_extraction": {
      "n": 1000,
      "d": 4096,
      "gamma": 4.096,
      "sigma2_est": 1.8362386526860064e-06,
      "mp_lower": 0.0,
      "mp_upper": 1.679004365584999e-05,
      "n_signal_eigvals": 1144,
      "top5_eigvals": [
        3373.693115234375,
        1024.0223388671875,
        851.838623046875,
        430.4593811035156,
        249.32260131835938
      ],
      "evr_k_signal": 0.9999993443489075,
      "oas_shrinkage_alpha": 0.005621176202385978,
      "eigenvalue_inflation_ratio": 1837284663.569965
    },
    "task1572_samsum_summary": {
      "n": 160,
      "d": 4096,
      "gamma": 25.6,
      "sigma2_est": 0.0,
      "mp_lower": 0.0,
      "mp_upper": 0.0,
      "n_signal_eigvals": 1878,
      "top5_eigvals": [
        2993.6826171875,
        2129.9208984375,
        803.0615844726562,
        496.8002624511719,
        304.2436828613281
      ],
      "evr_k_signal": 1.0000001192092896,
      "oas_shrinkage_alpha": 0.05151915914634774,
      "eigenvalue_inflation_ratio": 2993682617187500.0
    },
    "task1590_diplomacy_text_generation": {
      "n": 126,
      "d": 4096,
      "gamma": 32.507936507936506,
      "sigma2_est": 0.0,
      "mp_lower": 0.0,
      "mp_upper": 0.0,
      "n_signal_eigvals": 1850,
      "top5_eigvals": [
        2333.1025390625,
        1594.2056884765625,
        830.62109375,
        534.648681640625,
        468.5060729980469
      ],
      "evr_k_signal": 1.0,
      "oas_shrinkage_alpha": 0.09965294791453494,
      "eigenvalue_inflation_ratio": 2333102539062500.0
    },
    "task1687_sentiment140_classification": {
      "n": 1000,
      "d": 4096,
      "gamma": 4.096,
      "sigma2_est": 1.5536345472355606e-06,
      "mp_lower": 0.0,
      "mp_upper": 1.4205992143322116e-05,
      "n_signal_eigvals": 1201,
      "top5_eigvals": [
        3334.2119140625,
        1417.7855224609375,
        852.2402954101562,
        667.9563598632812,
        408.0915832519531
      ],
      "evr_k_signal": 0.999999463558197,
      "oas_shrinkage_alpha": 0.009523905018473222,
      "eigenvalue_inflation_ratio": 2146072202.111614
    },
    "task1729_personachat_generate_next": {
      "n": 1000,
      "d": 4096,
      "gamma": 4.096,
      "sigma2_est": 2.0223233150318265e-06,
      "mp_lower": 0.0,
      "mp_upper": 1.8491548849578578e-05,
      "n_signal_eigvals": 1208,
      "top5_eigvals": [
        2846.911865234375,
        1641.569091796875,
        641.2423706054688,
        571.4639282226562,
        423.8636474609375
      ],
      "evr_k_signal": 0.9999993443489075,
      "oas_shrinkage_alpha": 0.010814684367550014,
      "eigenvalue_inflation_ratio": 1407743185.31237
    },
    "task181_outcome_extraction": {
      "n": 338,
      "d": 4096,
      "gamma": 12.118343195266272,
      "sigma2_est": 0.0,
      "mp_lower": 0.0,
      "mp_upper": 0.0,
      "n_signal_eigvals": 1968,
      "top5_eigvals": [
        2327.9453125,
        1239.81787109375,
        689.8688354492188,
        457.0953674316406,
        329.16778564453125
      ],
      "evr_k_signal": 1.0000001192092896,
      "oas_shrinkage_alpha": 0.03821268235657203,
      "eigenvalue_inflation_ratio": 2327945312500000.0
    },
    "task363_sst2_polarity_classification": {
      "n": 1000,
      "d": 4096,
      "gamma": 4.096,
      "sigma2_est": 1.642590859773918e-06,
      "mp_lower": 0.0,
      "mp_upper": 1.5019383348652472e-05,
      "n_signal_eigvals": 1200,
      "top5_eigvals": [
        3171.43359375,
        1902.96044921875,
        739.37646484375,
        488.2852478027344,
        327.98956298828125
      ],
      "evr_k_signal": 0.999999463558197,
      "oas_shrinkage_alpha": 0.009436784171913246,
      "eigenvalue_inflation_ratio": 1930750786.100507
    },
    "task511_reddit_tifu_long_text_summarization": {
      "n": 1000,
      "d": 4096,
      "gamma": 4.096,
      "sigma2_est": 1.531405359855853e-06,
      "mp_lower": 0.0,
      "mp_upper": 1.4002734780237308e-05,
      "n_signal_eigvals": 1105,