{
  "backbone": "flan-t5-xl",
  "benchmark": "Long_Sequence",
  "k": 8,
  "tasks": [
    "agnews",
    "amazon",
    "boolq",
    "cb",
    "copa",
    "dbpedia",
    "imdb",
    "mnli",
    "multirc",
    "qqp",
    "rte",
    "sst2",
    "wic",
    "yahoo",
    "yelp"
  ],
  "E1_kl_confusion": {
    "spearman": {
      "rho": -0.524961614958575,
      "pval": 2.8555745788613027e-16
    },
    "PSR_accuracy": 0.8130476711045707
  },
  "E2_grassmann": {
    "d": 2048,
    "k": 8,
    "T_actual": 15,
    "T_max_bound": 488.98887669917815,
    "delta_max": 0.4764707088470459,
    "delta_mean": 0.150987446308136,
    "geodesic_to_nearest": {
      "agnews": 3.3780529499053955,
      "amazon": 2.6526505947113037,
      "boolq": 2.9741857051849365,
      "cb": 2.893310785293579,
      "copa": 3.4480154514312744,
      "dbpedia": 3.373424768447876,
      "imdb": 2.652649402618408,
      "mnli": 2.7457566261291504,
      "multirc": 3.2167842388153076,
      "qqp": 2.9571149349212646,
      "rte": 2.745757818222046,
      "sst2": 3.119418144226074,
      "wic": 3.1212449073791504,
      "yahoo": 3.1897928714752197,
      "yelp": 2.750638008117676
    },
    "mean_geodesic_nn": 3.0145864804585774,
    "bound_satisfied": true
  },
  "E3_rmt": {
    "agnews": {
      "n": 4000,
      "d": 2048,
      "gamma": 0.512,
      "sigma2_est": 2.6271016395185143e-05,
      "mp_lower": 2.1257585510268426e-06,
      "mp_upper": 7.731779502801302e-05,
      "n_signal_eigvals": 564,
      "top5_eigvals": [
        0.04091332107782364,
        0.03605640307068825,
        0.027486363425850868,
        0.02038644440472126,
        0.015168550424277782
      ],
      "evr_k_signal": 0.9346239566802979,
      "oas_shrinkage_alpha": 0.011347001714386275,
      "eigenvalue_inflation_ratio": 1557.3558503553782
    },
    "amazon": {
      "n": 5000,
      "d": 2048,
      "gamma": 0.4096,
      "sigma2_est": 1.689945383986924e-05,
      "mp_lower": 2.1901692176470534e-06,
      "mp_upper": 4.545277104771231e-05,
      "n_signal_eigvals": 566,
      "top5_eigvals": [
        0.04599398374557495,
        0.03644111379981041,
        0.025104260072112083,
        0.013015633448958397,
        0.008696493692696095
      ],
      "evr_k_signal": 0.938122570514679,
      "oas_shrinkage_alpha": 0.004832389481386734,
      "eigenvalue_inflation_ratio": 2721.625454963865
    },
    "boolq": {
      "n": 2000,
      "d": 2048,
      "gamma": 1.024,
      "sigma2_est": 2.747624421317596e-05,
      "mp_lower": 0.0,
      "mp_upper": 0.00011121992677428865,
      "n_signal_eigvals": 545,
      "top5_eigvals": [
        0.08830635994672775,
        0.04453681409358978,
        0.024047790095210075,
        0.02054276131093502,
        0.016286898404359818
      ],
      "evr_k_signal": 0.943268895149231,
      "oas_shrinkage_alpha": 0.017127143961984496,
      "eigenvalue_inflation_ratio": 3213.916693329626
    },
    "cb": {
      "n": 250,
      "d": 2048,
      "gamma": 8.192,
      "sigma2_est": 0.0,
      "mp_lower": 0.0,
      "mp_upper": 0.0,
      "n_signal_eigvals": 1015,
      "top5_eigvals": [
        0.08344101905822754,
        0.05173793062567711,
        0.013320752419531345,
        0.012741880491375923,
        0.009486561641097069
      ],
      "evr_k_signal": 0.9999999403953552,
      "oas_shrinkage_alpha": 0.07719902033247107,
      "eigenvalue_inflation_ratio": 83441019058.22754
    },
    "copa": {
      "n": 400,
      "d": 2048,
      "gamma": 5.12,
      "sigma2_est": 1.214218916384402e-11,
      "mp_lower": 0.0,
      "mp_upper": 1.2925947317843048e-10,
      "n_signal_eigvals": 934,
      "top5_eigvals": [
        0.04204017296433449,
        0.026305677369236946,
        0.022168157622218132,
        0.019218076020479202,
        0.016857977956533432
      ],
      "evr_k_signal": 1.0000001192092896,
      "oas_shrinkage_alpha": 0.14555685716302466,
      "eigenvalue_inflation_ratio": 3462322353.6591034
    },
    "dbpedia": {
      "n": 14000,
      "d": 2048,
      "gamma": 0.1462857142857143,
      "sigma2_est": 2.2313801309792325e-05,
      "mp_lower": 8.50913169940589e-06,
      "mp_upper": 4.264685164624372e-05,
      "n_signal_eigvals": 697,
      "top5_eigvals": [
        0.07513086497783661,
        0.05503739044070244,
        0.039086807519197464,
        0.027575388550758362,
        0.021824603900313377
      ],
      "evr_k_signal": 0.962483823299408,
      "oas_shrinkage_alpha": 0.0018157996945955036,
      "eigenvalue_inflation_ratio": 3367.0132638881983
    },
    "imdb": {
      "n": 2000,
      "d": 2048,
      "gamma": 1.024,
      "sigma2_est": 1.0319839020667132e-05,
      "mp_lower": 0.0,
      "mp_upper": 4.1773239868447616e-05,
      "n_signal_eigvals": 531,
      "top5_eigvals": [
        0.051745761185884476,
        0.037348423153162,
        0.017777374014258385,
        0.014045490883290768,
        0.013246456161141396
      ],
      "evr_k_signal": 0.9600508213043213,
      "oas_shrinkage_alpha": 0.011995952896282176,
      "eigenvalue_inflation_ratio": 5014.202361321266
    },
    "mnli": {
      "n": 3000,
      "d": 2048,
      "gamma": 0.6826666666666666,
      "sigma2_est": 2.607397073006723e-05,
      "mp_lower": 7.87271534785115e-07,
      "mp_upper": 8.69603312954678e-05,
      "n_signal_eigvals": 514,
      "top5_eigvals": [
        0.06598223000764847,
        0.06219720095396042,
        0.029792435467243195,
        0.020698025822639465,
        0.010863512754440308
      ],
      "evr_k_signal": 0.9230164885520935,
      "oas_shrinkage_alpha": 0.007191570035746677,
      "eigenvalue_inflation_ratio": 2530.578510298049
    },
    "multirc": {
      "n": 2000,
      "d": 2048,
      "gamma": 1.024,
      "sigma2_est": 4.4622593122767285e-06,
      "mp_lower": 0.0,
      "mp_upper": 1.8062590727786346e-05,
      "n_signal_eigvals": 686,
      "top5_eigvals": [
        0.0773010179400444,
        0.06632061302661896,
        0.036391597241163254,
        0.021836183965206146,
        0.01684105582535267
      ],
      "evr_k_signal": 0.9925300478935242,
      "oas_shrinkage_alpha": 0.011875793793530197,
      "eigenvalue_inflation_ratio": 17323.291303885246
    },
    "qqp": {
      "n": 2000,
      "d": 2048,
      "gamma": 1.024,
      "sigma2_est": 2.2982934751780704e-05,
      "mp_lower": 0.0,
      "mp_upper": 9.303164946122885e-05,
      "n_signal_eigvals": 531,
      "top5_eigvals": [
        0.17008055746555328,
        0.035949643701314926,
        0.028943758457899094,
        0.01423009391874075,
        0.013044413179159164
      ],
      "evr_k_signal": 0.9459328055381775,
      "oas_shrinkage_alpha": 0.005691584784926294,
      "eigenvalue_inflation_ratio": 7400.297625279363
    },
    "rte": {
      "n": 2000,
      "d": 2048,
      "gamma": 1.024,
      "sigma2_est": 2.7398629754316062e-05,
      "mp_lower": 0.0,
      "mp_upper": 0.00011090575448916664,
      "n_signal_eigvals": 531,
      "top5_eigvals": [
        0.09685349464416504,
        0.0401400588452816,
        0.01991203799843788,
        0.01531219482421875,
        0.012478048913180828
      ],
      "evr_k_signal": 0.9352691173553467,
      "oas_shrinkage_alpha": 0.013465861134717712,
      "eigenvalue_inflation_ratio": 3534.9758550939164
    },
    "sst2": {
      "n": 2000,
      "d": 2048,
      "gamma": 1.024,
      "sigma2_est": 1.2873835657956079e-05,
      "mp_lower": 0.0,
      "mp_upper": 5.2111454828876604e-05,
      "n_signal_eigvals": 560,
      "top5_eigvals": [
        0.12263870239257812,
        0.04996854439377785,
        0.021831920370459557,
        0.012290606275200844,
        0.010224084369838238
      ],
      "evr_k_signal": 0.962864100933075,
      "oas_shrinkage_alpha": 0.0057696217373230645,
      "eigenvalue_inflation_ratio": 9526.19760349255
    },
    "wic": {
      "n": 2000,
      "d": 2048,
      "gamma": 1.024,
      "sigma2_est": 1.4568071492249146e-05,
      "mp_lower": 0.0,