{
  "backbone": "Llama-2-7b-hf",
  "benchmark": "Long_Sequence",
  "k": 8,
  "tasks": [
    "agnews",
    "amazon",
    "boolq",
    "cb",
    "copa",
    "dbpedia",
    "imdb",
    "mnli",
    "multirc",
    "qqp",
    "rte",
    "sst2",
    "wic",
    "yahoo",
    "yelp"
  ],
  "E1_kl_confusion": {
    "spearman": {
      "rho": -0.20804632515351543,
      "pval": 0.002444663305566147
    },
    "PSR_accuracy": 0.10191856822089741
  },
  "E2_grassmann": {
    "d": 4096,
    "k": 8,
    "T_actual": 15,
    "T_max_bound": 2888.3234489601787,
    "delta_max": 0.822734534740448,
    "delta_mean": 0.6307840347290039,
    "geodesic_to_nearest": {
      "agnews": 1.3371509313583374,
      "amazon": 1.2990169525146484,
      "boolq": 1.401818871498108,
      "cb": 1.8242825269699097,
      "copa": 2.3115222454071045,
      "dbpedia": 1.3371567726135254,
      "imdb": 1.4795520305633545,
      "mnli": 1.5700342655181885,
      "multirc": 1.6277403831481934,
      "qqp": 1.5700321197509766,
      "rte": 1.4018173217773438,
      "sst2": 1.697261095046997,
      "wic": 1.6759291887283325,
      "yahoo": 1.6362330913543701,
      "yelp": 1.299014925956726
    },
    "mean_geodesic_nn": 1.5645708481470744,
    "bound_satisfied": true
  },
  "E3_rmt": {
    "agnews": {
      "n": 4000,
      "d": 4096,
      "gamma": 1.024,
      "sigma2_est": 0.1973702311515808,
      "mp_lower": 0.0,
      "mp_upper": 0.798926610412664,
      "n_signal_eigvals": 1205,
      "top5_eigvals": [
        3902.748046875,
        891.2799682617188,
        557.321533203125,
        330.58026123046875,
        260.2940979003906
      ],
      "evr_k_signal": 0.9623170495033264,
      "oas_shrinkage_alpha": 0.0024698893566866375,
      "eigenvalue_inflation_ratio": 19773.742089189123
    },
    "amazon": {
      "n": 5000,
      "d": 4096,
      "gamma": 0.8192,
      "sigma2_est": 0.0324128195643425,
      "mp_lower": 0.0002919306024660742,
      "mp_upper": 0.11763887210043766,
      "n_signal_eigvals": 1648,
      "top5_eigvals": [
        2472.179931640625,
        2042.5413818359375,
        861.9266967773438,
        366.9739990234375,
        332.2195129394531
      ],
      "evr_k_signal": 0.9962399005889893,
      "oas_shrinkage_alpha": 0.0020326210713029116,
      "eigenvalue_inflation_ratio": 76271.67166784473
    },
    "boolq": {
      "n": 2000,
      "d": 4096,
      "gamma": 2.048,
      "sigma2_est": 2.9571237973868847e-05,
      "mp_lower": 0.0,
      "mp_upper": 0.0001747709551534964,
      "n_signal_eigvals": 1953,
      "top5_eigvals": [
        2828.2236328125,
        1679.3056640625,
        683.4760131835938,
        321.8878173828125,
        232.41372680664062
      ],
      "evr_k_signal": 0.9999984502792358,
      "oas_shrinkage_alpha": 0.005437567312787442,
      "eigenvalue_inflation_ratio": 95641029.14161763
    },
    "cb": {
      "n": 250,
      "d": 4096,
      "gamma": 16.384,
      "sigma2_est": 0.0,
      "mp_lower": 0.0,
      "mp_upper": 0.0,
      "n_signal_eigvals": 1934,
      "top5_eigvals": [
        3381.992919921875,
        1448.892333984375,
        986.1887817382812,
        391.3482360839844,
        351.4761657714844
      ],
      "evr_k_signal": 1.0,
      "oas_shrinkage_alpha": 0.034218864392088835,
      "eigenvalue_inflation_ratio": 3381992919921875.0
    },
    "copa": {
      "n": 400,
      "d": 4096,
      "gamma": 10.24,
      "sigma2_est": 0.0,
      "mp_lower": 0.0,
      "mp_upper": 0.0,
      "n_signal_eigvals": 2039,
      "top5_eigvals": [
        2195.4609375,
        1235.5140380859375,
        607.05322265625,
        423.78643798828125,
        330.8112487792969
      ],
      "evr_k_signal": 1.0000001192092896,
      "oas_shrinkage_alpha": 0.028241205488129823,
      "eigenvalue_inflation_ratio": 2195460937500000.0
    },
    "dbpedia": {
      "n": 14000,
      "d": 4096,
      "gamma": 0.2925714285714286,
      "sigma2_est": 0.3478595018386841,
      "mp_lower": 0.07331973255958957,
      "mp_upper": 0.8259467739079573,
      "n_signal_eigvals": 1122,
      "top5_eigvals": [
        3633.65185546875,
        1305.515380859375,
        492.6858215332031,
        387.30401611328125,
        284.3202209472656
      ],
      "evr_k_signal": 0.9293592572212219,
      "oas_shrinkage_alpha": 0.0006740311641825003,
      "eigenvalue_inflation_ratio": 10445.74558481894
    },
    "imdb": {
      "n": 2000,
      "d": 4096,
      "gamma": 2.048,
      "sigma2_est": 2.292919634783175e-05,
      "mp_lower": 0.0,
      "mp_upper": 0.0001355153798482765,
      "n_signal_eigvals": 2008,
      "top5_eigvals": [
        2069.59130859375,
        1402.557861328125,
        716.3157958984375,
        580.4996948242188,
        327.83953857421875
      ],
      "evr_k_signal": 0.9999992251396179,
      "oas_shrinkage_alpha": 0.007234390491315179,
      "eigenvalue_inflation_ratio": 90260089.24161254
    },
    "mnli": {
      "n": 3000,
      "d": 4096,
      "gamma": 1.3653333333333333,
      "sigma2_est": 0.005853984039276838,
      "mp_lower": 0.0,
      "mp_upper": 0.02752708911514124,
      "n_signal_eigvals": 1650,
      "top5_eigvals": [
        3480.5263671875,
        1532.7239990234375,
        863.1863403320312,
        484.7369689941406,
        393.2397155761719
      ],
      "evr_k_signal": 0.9994094967842102,
      "oas_shrinkage_alpha": 0.00311288892272352,
      "eigenvalue_inflation_ratio": 594556.8597104445
    },
    "multirc": {
      "n": 2000,
      "d": 4096,
      "gamma": 2.048,
      "sigma2_est": 6.5955159698205534e-06,
      "mp_lower": 0.0,
      "mp_upper": 3.8980600906674425e-05,
      "n_signal_eigvals": 1421,
      "top5_eigvals": [
        2046.3905029296875,
        848.255859375,
        594.697998046875,
        358.97314453125,
        320.8667907714844
      ],
      "evr_k_signal": 0.9999989867210388,
      "oas_shrinkage_alpha": 0.011452043243910935,
      "eigenvalue_inflation_ratio": 310269964.06247264
    },
    "qqp": {
      "n": 2000,
      "d": 4096,
      "gamma": 2.048,
      "sigma2_est": 2.2726399038219824e-05,
      "mp_lower": 0.0,
      "mp_upper": 0.00013431681387904808,
      "n_signal_eigvals": 1849,
      "top5_eigvals": [
        3930.45458984375,
        1608.443359375,
        703.5971069335938,
        611.6573486328125,
        419.745361328125
      ],
      "evr_k_signal": 0.9999983906745911,
      "oas_shrinkage_alpha": 0.00397919469132379,
      "eigenvalue_inflation_ratio": 172946650.42331427
    },
    "rte": {
      "n": 2000,
      "d": 4096,
      "gamma": 2.048,
      "sigma2_est": 2.9245391488075256e-05,
      "mp_lower": 0.0,
      "mp_upper": 0.00017284514800244375,
      "n_signal_eigvals": 1915,
      "top5_eigvals": [
        3116.26806640625,
        1593.4466552734375,
        773.110595703125,
        390.30682373046875,
        293.76171875
      ],
      "evr_k_signal": 0.999998152256012,
      "oas_shrinkage_alpha": 0.0043891893131909445,
      "eigenvalue_inflation_ratio": 106555867.70575123
    },
    "sst2": {
      "n": 2000,
      "d": 4096,
      "gamma": 2.048,
      "sigma2_est": 1.2902543858217541e-05,
      "mp_lower": 0.0,
      "mp_upper": 7.6256189071395e-05,
      "n_signal_eigvals": 1599,
      "top5_eigvals": [
        3048.27392578125,
        1931.0047607421875,
        1116.4168701171875,
        555.6874389648438,
        456.28985595703125
      ],
      "evr_k_signal": 0.9999985694885254,
      "oas_shrinkage_alpha": 0.004336543803490303,
      "eigenvalue_inflation_ratio": 236253715.4903624
    },
    "wic": {
      "n": 2000,
      "d": 4096,
      "gamma": 2.048,
      "sigma2_est": 3.3214062568731606e-05,
      "mp_lower": 0.0,
      "mp_upper": 0.0001963006569016413,
      "n_signal_eigvals": 1938,
      "top5_eigvals": [
        3787.3603515625,
        1781.5777587890625,
        932.9081420898438,
        623.6795043945312,
        405.1735534667969
      ],
      "evr_k_signal": 0.9999985098838806,