{
  "backbone": "flan-t5-xl",
  "benchmark": "SuperNI",
  "k": 8,
  "tasks": [
    "task002_quoref_answer_generation",
    "task073_commonsenseqa_answer_generation",
    "task1290_xsum_summarization",
    "task1510_evalution_relation_extraction",
    "task1572_samsum_summary",
    "task1590_diplomacy_text_generation",
    "task1687_sentiment140_classification",
    "task1729_personachat_generate_next",
    "task181_outcome_extraction",
    "task363_sst2_polarity_classification",
    "task511_reddit_tifu_long_text_summarization",
    "task591_sciq_answer_generation",
    "task639_multi_woz_user_utterance_generation",
    "task748_glucose_reverse_cause_event_detection",
    "task875_emotion_classification"
  ],
  "E1_kl_confusion": {
    "spearman": {
      "rho": -0.33447989307485804,
      "pval": 6.984304328035866e-07
    },
    "PSR_accuracy": 0.1297015503875969
  },
  "E2_grassmann": {
    "d": 2048,
    "k": 8,
    "T_actual": 15,
    "T_max_bound": 257.0719968332469,
    "delta_max": 0.004170025698840618,
    "delta_mean": 0.00031264740391634405,
    "geodesic_to_nearest": {
      "task002_quoref_answer_generation": 4.410979747772217,
      "task073_commonsenseqa_answer_generation": 4.38977575302124,
      "task1290_xsum_summarization": 4.417636871337891,
      "task1510_evalution_relation_extraction": 4.380160331726074,
      "task1572_samsum_summary": 4.296614646911621,
      "task1590_diplomacy_text_generation": 4.296614646911621,
      "task1687_sentiment140_classification": 4.376466274261475,
      "task1729_personachat_generate_next": 4.322864532470703,
      "task181_outcome_extraction": 4.369381904602051,
      "task363_sst2_polarity_classification": 4.3874359130859375,
      "task511_reddit_tifu_long_text_summarization": 4.3885931968688965,
      "task591_sciq_answer_generation": 4.425908088684082,
      "task639_multi_woz_user_utterance_generation": 4.351321220397949,
      "task748_glucose_reverse_cause_event_detection": 4.368134021759033,
      "task875_emotion_classification": 4.383819103240967
    },
    "mean_geodesic_nn": 4.371047083536784,
    "bound_satisfied": true
  },
  "E3_rmt": {
    "task002_quoref_answer_generation": {
      "n": 1000,
      "d": 2048,
      "gamma": 2.048,
      "sigma2_est": 1.297225594498741e-06,
      "mp_lower": 0.0,
      "mp_upper": 7.666819914690417e-06,
      "n_signal_eigvals": 896,
      "top5_eigvals": [
        11.654376029968262,
        11.550119400024414,
        11.30197525024414,
        11.250075340270996,
        11.062066078186035
      ],
      "evr_k_signal": 0.9999998211860657,
      "oas_shrinkage_alpha": 0.6666980175325792,
      "eigenvalue_inflation_ratio": 8984078.081246626
    },
    "task073_commonsenseqa_answer_generation": {
      "n": 975,
      "d": 2048,
      "gamma": 2.1005128205128205,
      "sigma2_est": 1.1858512607432203e-06,
      "mp_lower": 0.0,
      "mp_upper": 7.114090137190112e-06,
      "n_signal_eigvals": 974,
      "top5_eigvals": [
        11.425724983215332,
        10.846539497375488,
        10.7249116897583,
        10.363214492797852,
        10.049798965454102
      ],
      "evr_k_signal": 0.9999997615814209,
      "oas_shrinkage_alpha": 0.6917909726820426,
      "eigenvalue_inflation_ratio": 9635040.549735026
    },
    "task1290_xsum_summarization": {
      "n": 1000,
      "d": 2048,
      "gamma": 2.048,
      "sigma2_est": 2.1031803498772206e-06,
      "mp_lower": 0.0,
      "mp_upper": 1.2430147122447854e-05,
      "n_signal_eigvals": 999,
      "top5_eigvals": [
        11.684822082519531,
        11.626972198486328,
        11.529290199279785,
        11.486169815063477,
        11.45970344543457
      ],
      "evr_k_signal": 0.9999997019767761,
      "oas_shrinkage_alpha": 0.865464802133501,
      "eigenvalue_inflation_ratio": 5555787.017124645
    },
    "task1510_evalution_relation_extraction": {
      "n": 1000,
      "d": 2048,
      "gamma": 2.048,
      "sigma2_est": 4.52399604000675e-07,
      "mp_lower": 0.0,
      "mp_upper": 2.6737572154446106e-06,
      "n_signal_eigvals": 999,
      "top5_eigvals": [
        11.131851196289062,
        10.912489891052246,
        10.424654006958008,
        10.345138549804688,
        9.914222717285156
      ],
      "evr_k_signal": 0.9999996423721313,
      "oas_shrinkage_alpha": 0.08690499709031393,
      "eigenvalue_inflation_ratio": 24606235.50031324
    },
    "task1572_samsum_summary": {
      "n": 160,
      "d": 2048,
      "gamma": 12.8,
      "sigma2_est": 0.0,
      "mp_lower": 0.0,
      "mp_upper": 0.0,
      "n_signal_eigvals": 964,
      "top5_eigvals": [
        66.91545104980469,
        54.54375457763672,
        51.130252838134766,
        48.84744644165039,
        45.64425277709961
      ],
      "evr_k_signal": 0.9999999403953552,
      "oas_shrinkage_alpha": 0.8120384024404749,
      "eigenvalue_inflation_ratio": 66915451049804.69
    },
    "task1590_diplomacy_text_generation": {
      "n": 126,
      "d": 2048,
      "gamma": 16.253968253968253,
      "sigma2_est": 0.0,
      "mp_lower": 0.0,
      "mp_upper": 0.0,
      "n_signal_eigvals": 994,
      "top5_eigvals": [
        74.7035140991211,
        53.96213150024414,
        48.88417053222656,
        44.912776947021484,
        41.14227294921875
      ],
      "evr_k_signal": 1.0,
      "oas_shrinkage_alpha": 0.6676717979896535,
      "eigenvalue_inflation_ratio": 74703514099121.1
    },
    "task1687_sentiment140_classification": {
      "n": 1000,
      "d": 2048,
      "gamma": 2.048,
      "sigma2_est": 1.185133896797197e-06,
      "mp_lower": 0.0,
      "mp_upper": 7.004339260705378e-06,
      "n_signal_eigvals": 999,
      "top5_eigvals": [
        11.214638710021973,
        10.87982177734375,
        10.526131629943848,
        10.162368774414062,
        9.988903045654297
      ],
      "evr_k_signal": 0.9999997019767761,
      "oas_shrinkage_alpha": 0.596157185854979,
      "eigenvalue_inflation_ratio": 9462760.908560064
    },
    "task1729_personachat_generate_next": {
      "n": 1000,
      "d": 2048,
      "gamma": 2.048,
      "sigma2_est": 1.0226757467535208e-06,
      "mp_lower": 0.0,
      "mp_upper": 6.044184461616708e-06,
      "n_signal_eigvals": 999,
      "top5_eigvals": [
        11.524393081665039,
        10.805216789245605,
        10.340521812438965,
        10.15797233581543,
        9.8936767578125
      ],
      "evr_k_signal": 0.9999998211860657,
      "oas_shrinkage_alpha": 0.5165422378985821,
      "eigenvalue_inflation_ratio": 11268863.193684967
    },
    "task181_outcome_extraction": {
      "n": 338,
      "d": 2048,
      "gamma": 6.059171597633136,
      "sigma2_est": 7.487589215315893e-09,
      "mp_lower": 0.0,
      "mp_upper": 8.971815479890346e-08,
      "n_signal_eigvals": 959,
      "top5_eigvals": [
        31.018558502197266,
        27.576416015625,
        25.648122787475586,
        25.06247901916504,
        22.27216911315918
      ],
      "evr_k_signal": 1.0,
      "oas_shrinkage_alpha": 0.29747827987175474,
      "eigenvalue_inflation_ratio": 4142662960.0284004
    },
    "task363_sst2_polarity_classification": {
      "n": 1000,
      "d": 2048,
      "gamma": 2.048,
      "sigma2_est": 9.64758214649919e-07,
      "mp_lower": 0.0,
      "mp_upper": 5.701882174007899e-06,
      "n_signal_eigvals": 999,
      "top5_eigvals": [
        11.46729850769043,
        11.060759544372559,
        10.621066093444824,
        10.317412376403809,
        10.175674438476562
      ],
      "evr_k_signal": 0.9999998211860657,
      "oas_shrinkage_alpha": 0.46333158376016703,
      "eigenvalue_inflation_ratio": 11886189.030120421
    },
    "task511_reddit_tifu_long_text_summarization": {
      "n": 1000,
      "d": 2048,
      "gamma": 2.048,
      "sigma2_est": 1.343656094832113e-06,
      "mp_lower": 0.0,
      "mp_upper": 7.94123192607421e-06,
      "n_signal_eigvals": 999,