{
  "backbone": "flan-t5-large",
  "benchmark": "Long_Sequence",
  "k": 8,
  "tasks": [
    "agnews",
    "amazon",
    "boolq",
    "cb",
    "copa",
    "dbpedia",
    "imdb",
    "mnli",
    "multirc",
    "qqp",
    "rte",
    "sst2",
    "wic",
    "yahoo",
    "yelp"
  ],
  "E1_kl_confusion": {
    "spearman": {
      "rho": -0.5557427695209546,
      "pval": 2.0347893922285054e-18
    },
    "PSR_accuracy": 0.828727673178784
  },
  "E2_grassmann": {
    "d": 1024,
    "k": 8,
    "T_actual": 15,
    "T_max_bound": 246.01436769215056,
    "delta_max": 0.47970518469810486,
    "delta_mean": 0.17315673828125,
    "geodesic_to_nearest": {
      "agnews": 3.179590940475464,
      "amazon": 2.534785032272339,
      "boolq": 2.7798426151275635,
      "cb": 2.6998722553253174,
      "copa": 3.2834231853485107,
      "dbpedia": 3.276533603668213,
      "imdb": 2.534785032272339,
      "mnli": 2.699873447418213,
      "multirc": 3.1763033866882324,
      "qqp": 2.9731862545013428,
      "rte": 2.773716688156128,
      "sst2": 2.9896903038024902,
      "wic": 2.8887741565704346,
      "yahoo": 3.1663951873779297,
      "yelp": 2.699071168899536
    },
    "mean_geodesic_nn": 2.910389550526937,
    "bound_satisfied": true
  },
  "E3_rmt": {
    "agnews": {
      "n": 4000,
      "d": 1024,
      "gamma": 0.256,
      "sigma2_est": 2.9049824661342427e-05,
      "mp_lower": 7.090224075967173e-06,
      "mp_upper": 6.5882935473325e-05,
      "n_signal_eigvals": 319,
      "top5_eigvals": [
        0.015840113162994385,
        0.015223298221826553,
        0.012439670972526073,
        0.00964395236223936,
        0.006995723582804203
      ],
      "evr_k_signal": 0.9244917631149292,
      "oas_shrinkage_alpha": 0.010865185378428628,
      "eigenvalue_inflation_ratio": 545.2739680068828
    },
    "amazon": {
      "n": 5000,
      "d": 1024,
      "gamma": 0.2048,
      "sigma2_est": 1.5932280803099275e-05,
      "mp_lower": 4.774957453155127e-06,
      "mp_upper": 3.3615466369992886e-05,
      "n_signal_eigvals": 323,
      "top5_eigvals": [
        0.021734559908509254,
        0.01625829003751278,
        0.010725656524300575,
        0.005605726037174463,
        0.0037953343708068132
      ],
      "evr_k_signal": 0.9401533007621765,
      "oas_shrinkage_alpha": 0.004110037099698677,
      "eigenvalue_inflation_ratio": 1364.1838338853074
    },
    "boolq": {
      "n": 2000,
      "d": 1024,
      "gamma": 0.512,
      "sigma2_est": 3.029808431165293e-05,
      "mp_lower": 2.4516147695386702e-06,
      "mp_upper": 8.916979218889978e-05,
      "n_signal_eigvals": 288,
      "top5_eigvals": [
        0.038162991404533386,
        0.016753902658820152,
        0.009236644022166729,
        0.009035457856953144,
        0.0062726885080337524
      ],
      "evr_k_signal": 0.9260279536247253,
      "oas_shrinkage_alpha": 0.01434613043577933,
      "eigenvalue_inflation_ratio": 1259.5843028219292
    },
    "cb": {
      "n": 250,
      "d": 1024,
      "gamma": 4.096,
      "sigma2_est": 5.2725344923398865e-11,
      "mp_lower": 0.0,
      "mp_upper": 4.821055486108393e-10,
      "n_signal_eigvals": 282,
      "top5_eigvals": [
        0.031125841662287712,
        0.02363666705787182,
        0.006401385646313429,
        0.005803737789392471,
        0.005314419977366924
      ],
      "evr_k_signal": 0.9999997615814209,
      "oas_shrinkage_alpha": 0.08500697891032644,
      "eigenvalue_inflation_ratio": 590339270.5634903
    },
    "copa": {
      "n": 400,
      "d": 1024,
      "gamma": 2.56,
      "sigma2_est": 1.3624931738398516e-10,
      "mp_lower": 0.0,
      "mp_upper": 9.210453855157397e-10,
      "n_signal_eigvals": 399,
      "top5_eigvals": [
        0.012506277300417423,
        0.00876243319362402,
        0.008000372909009457,
        0.005980696529150009,
        0.005499955732375383
      ],
      "evr_k_signal": 0.9999998211860657,
      "oas_shrinkage_alpha": 0.134275922436992,
      "eigenvalue_inflation_ratio": 91789651.06424394
    },
    "dbpedia": {
      "n": 14000,
      "d": 1024,
      "gamma": 0.07314285714285715,
      "sigma2_est": 2.1824009309057146e-05,
      "mp_lower": 1.1615700937651879e-05,
      "mp_upper": 3.522485847081592e-05,
      "n_signal_eigvals": 390,
      "top5_eigvals": [
        0.03059208206832409,
        0.021653948351740837,
        0.015771159902215004,
        0.011132004670798779,
        0.010094640776515007
      ],
      "evr_k_signal": 0.9598110914230347,
      "oas_shrinkage_alpha": 0.0017012047610626712,
      "eigenvalue_inflation_ratio": 1401.7626933300528
    },
    "imdb": {
      "n": 2000,
      "d": 1024,
      "gamma": 0.512,
      "sigma2_est": 1.1538073522388004e-05,
      "mp_lower": 9.336204615626502e-07,
      "mp_upper": 3.395751387013867e-05,
      "n_signal_eigvals": 282,
      "top5_eigvals": [
        0.018940404057502747,
        0.01350383460521698,
        0.0077094691805541515,
        0.0065804352052509785,
        0.0045411610044538975
      ],
      "evr_k_signal": 0.9448559284210205,
      "oas_shrinkage_alpha": 0.011520595260364868,
      "eigenvalue_inflation_ratio": 1641.5568873565908
    },
    "mnli": {
      "n": 3000,
      "d": 1024,
      "gamma": 0.3413333333333333,
      "sigma2_est": 2.1834290237165987e-05,
      "mp_lower": 3.7742436194292913e-06,
      "mp_upper": 5.479987899014132e-05,
      "n_signal_eigvals": 288,
      "top5_eigvals": [
        0.024824855849146843,
        0.014146056957542896,
        0.007491343189030886,
        0.005083826836198568,
        0.003952367231249809
      ],
      "evr_k_signal": 0.9071409106254578,
      "oas_shrinkage_alpha": 0.006998358439151725,
      "eigenvalue_inflation_ratio": 1136.9664678584495
    },
    "multirc": {
      "n": 2000,
      "d": 1024,
      "gamma": 0.512,
      "sigma2_est": 8.825368240650278e-06,
      "mp_lower": 7.141178598237039e-07,
      "mp_upper": 2.5973795699902733e-05,
      "n_signal_eigvals": 355,
      "top5_eigvals": [
        0.029124293476343155,
        0.02552676759660244,
        0.013539833016693592,
        0.009220587089657784,
        0.006686931010335684
      ],
      "evr_k_signal": 0.9821687340736389,
      "oas_shrinkage_alpha": 0.012046721190829616,
      "eigenvalue_inflation_ratio": 3300.065524993572
    },
    "qqp": {
      "n": 2000,
      "d": 1024,
      "gamma": 0.512,
      "sigma2_est": 2.1240863134153187e-05,
      "mp_lower": 1.7187361828487318e-06,
      "mp_upper": 6.251363393483051e-05,
      "n_signal_eigvals": 277,
      "top5_eigvals": [
        0.04244381561875343,
        0.015037941746413708,
        0.00478738360106945,
        0.004520281217992306,
        0.004443869460374117
      ],
      "evr_k_signal": 0.9213919043540955,
      "oas_shrinkage_alpha": 0.006979467500065254,
      "eigenvalue_inflation_ratio": 1998.2152020229355
    },
    "rte": {
      "n": 2000,
      "d": 1024,
      "gamma": 0.512,
      "sigma2_est": 3.1089708500076085e-05,
      "mp_lower": 2.5156702237482236e-06,
      "mp_upper": 9.149960828048185e-05,
      "n_signal_eigvals": 283,
      "top5_eigvals": [
        0.04849192127585411,
        0.012263365089893341,
        0.007521588820964098,
        0.005689848680049181,
        0.004949373658746481
      ],
      "evr_k_signal": 0.9157819151878357,
      "oas_shrinkage_alpha": 0.009596943667465573,
      "eigenvalue_inflation_ratio": 1559.7419086684404
    },
    "sst2": {
      "n": 2000,
      "d": 1024,
      "gamma": 0.512,
      "sigma2_est": 1.7300300896749832e-05,
      "mp_lower": 1.3998797006325013e-06,
      "mp_upper": 5.091623021113899e-05,
      "n_signal_eigvals": 288,
      "top5_eigvals": [
        0.034647587686777115,
        0.02383430488407612,
        0.010537814348936081,
        0.004740229342132807,
        0.00451251957565546
      ],
      "evr_k_signal": 0.939605712890625,
      "oas_shrinkage_alpha": 0.007789909760628199,