{
  "backbone": "flan-t5-xl",
  "benchmark": "SuperNI",
  "k": 8,
  "tasks": [
    "task002_quoref_answer_generation",
    "task073_commonsenseqa_answer_generation",
    "task1290_xsum_summarization",
    "task1510_evalution_relation_extraction",
    "task1572_samsum_summary",
    "task1590_diplomacy_text_generation",
    "task1687_sentiment140_classification",
    "task1729_personachat_generate_next",
    "task181_outcome_extraction",
    "task363_sst2_polarity_classification",
    "task511_reddit_tifu_long_text_summarization",
    "task591_sciq_answer_generation",
    "task639_multi_woz_user_utterance_generation",
    "task748_glucose_reverse_cause_event_detection",
    "task875_emotion_classification"
  ],
  "E1_kl_confusion": {
    "spearman": {
      "rho": -0.09485221282713906,
      "pval": 0.1708666586147775
    },
    "PSR_accuracy": 0.9796317829457365
  },
  "E2_grassmann": {
    "d": 2048,
    "k": 8,
    "T_actual": 15,
    "T_max_bound": 386.12141376892475,
    "delta_max": 0.3369961082935333,
    "delta_mean": 0.08189015835523605,
    "geodesic_to_nearest": {
      "task002_quoref_answer_generation": 3.5702545642852783,
      "task073_commonsenseqa_answer_generation": 3.473292589187622,
      "task1290_xsum_summarization": 3.565638542175293,
      "task1510_evalution_relation_extraction": 3.8752248287200928,
      "task1572_samsum_summary": 3.303230047225952,
      "task1590_diplomacy_text_generation": 3.4094767570495605,
      "task1687_sentiment140_classification": 2.9376723766326904,
      "task1729_personachat_generate_next": 3.384826421737671,
      "task181_outcome_extraction": 3.8339040279388428,
      "task363_sst2_polarity_classification": 3.1003317832946777,
      "task511_reddit_tifu_long_text_summarization": 3.2417232990264893,
      "task591_sciq_answer_generation": 3.627574920654297,
      "task639_multi_woz_user_utterance_generation": 3.6272475719451904,
      "task748_glucose_reverse_cause_event_detection": 3.2417240142822266,
      "task875_emotion_classification": 2.9376726150512695
    },
    "mean_geodesic_nn": 3.4086529572804767,
    "bound_satisfied": true
  },
  "E3_rmt": {
    "task002_quoref_answer_generation": {
      "n": 1000,
      "d": 2048,
      "gamma": 2.048,
      "sigma2_est": 6.815786268710156e-10,
      "mp_lower": 0.0,
      "mp_upper": 4.028243516071886e-09,
      "n_signal_eigvals": 897,
      "top5_eigvals": [
        0.08348876237869263,
        0.04437020421028137,
        0.015286048874258995,
        0.012641189619898796,
        0.010327596217393875
      ],
      "evr_k_signal": 0.9999994039535522,
      "oas_shrinkage_alpha": 0.015782647296523764,
      "eigenvalue_inflation_ratio": 122493222.47966021
    },
    "task073_commonsenseqa_answer_generation": {
      "n": 975,
      "d": 2048,
      "gamma": 2.1005128205128205,
      "sigma2_est": 1.881520217406063e-10,
      "mp_lower": 0.0,
      "mp_upper": 1.1287507012627506e-09,
      "n_signal_eigvals": 974,
      "top5_eigvals": [
        0.012852453626692295,
        0.005624800454825163,
        0.004882990848273039,
        0.004467404913157225,
        0.0035364460200071335
      ],
      "evr_k_signal": 0.9999998211860657,
      "oas_shrinkage_alpha": 0.06887011436148975,
      "eigenvalue_inflation_ratio": 68308878.68115065
    },
    "task1290_xsum_summarization": {
      "n": 1000,
      "d": 2048,
      "gamma": 2.048,
      "sigma2_est": 9.478658968831155e-10,
      "mp_lower": 0.0,
      "mp_upper": 5.602045754799834e-09,
      "n_signal_eigvals": 1000,
      "top5_eigvals": [
        0.0559285506606102,
        0.038276638835668564,
        0.02385682612657547,
        0.018478183075785637,
        0.0162685364484787
      ],
      "evr_k_signal": 0.9999997019767761,
      "oas_shrinkage_alpha": 0.034847092836169116,
      "eigenvalue_inflation_ratio": 59004708.20241667
    },
    "task1510_evalution_relation_extraction": {
      "n": 1000,
      "d": 2048,
      "gamma": 2.048,
      "sigma2_est": 1.3292922318441924e-10,
      "mp_lower": 0.0,
      "mp_upper": 7.856339096889609e-10,
      "n_signal_eigvals": 1004,
      "top5_eigvals": [
        0.007430861704051495,
        0.004995068069547415,
        0.0031644271221011877,
        0.002736526308581233,
        0.001716442289762199
      ],
      "evr_k_signal": 0.9999992847442627,
      "oas_shrinkage_alpha": 0.010602645667236437,
      "eigenvalue_inflation_ratio": 55900888.6536732
    },
    "task1572_samsum_summary": {
      "n": 160,
      "d": 2048,
      "gamma": 12.8,
      "sigma2_est": 0.0,
      "mp_lower": 0.0,
      "mp_upper": 0.0,
      "n_signal_eigvals": 975,
      "top5_eigvals": [
        0.05697546526789665,
        0.0201620664447546,
        0.014445186592638493,
        0.010666849091649055,
        0.008813858032226562
      ],
      "evr_k_signal": 1.0,
      "oas_shrinkage_alpha": 0.11490696601993608,
      "eigenvalue_inflation_ratio": 56975465267.89665
    },
    "task1590_diplomacy_text_generation": {
      "n": 126,
      "d": 2048,
      "gamma": 16.253968253968253,
      "sigma2_est": 0.0,
      "mp_lower": 0.0,
      "mp_upper": 0.0,
      "n_signal_eigvals": 955,
      "top5_eigvals": [
        0.0332191176712513,
        0.009870021604001522,
        0.005528674926608801,
        0.005226365756243467,
        0.004427190870046616
      ],
      "evr_k_signal": 1.0,
      "oas_shrinkage_alpha": 0.10917577312710426,
      "eigenvalue_inflation_ratio": 33219117671.251297
    },
    "task1687_sentiment140_classification": {
      "n": 1000,
      "d": 2048,
      "gamma": 2.048,
      "sigma2_est": 3.839438766917169e-10,
      "mp_lower": 0.0,
      "mp_upper": 2.269172434175522e-09,
      "n_signal_eigvals": 999,
      "top5_eigvals": [
        0.02118445374071598,
        0.015812408179044724,
        0.007525299210101366,
        0.0050171357579529285,
        0.004885271657258272
      ],
      "evr_k_signal": 0.999999463558197,
      "oas_shrinkage_alpha": 0.02975499612241236,
      "eigenvalue_inflation_ratio": 55175912.488183215
    },
    "task1729_personachat_generate_next": {
      "n": 1000,
      "d": 2048,
      "gamma": 2.048,
      "sigma2_est": 4.558796673492793e-10,
      "mp_lower": 0.0,
      "mp_upper": 2.694324971044417e-09,
      "n_signal_eigvals": 999,
      "top5_eigvals": [
        0.03314344212412834,
        0.00672159343957901,
        0.0047694421373307705,
        0.004130997229367495,
        0.003905056044459343
      ],
      "evr_k_signal": 0.999999463558197,
      "oas_shrinkage_alpha": 0.017153616159980074,
      "eigenvalue_inflation_ratio": 72702172.30095278
    },
    "task181_outcome_extraction": {
      "n": 338,
      "d": 2048,
      "gamma": 6.059171597633136,
      "sigma2_est": 1.1524225584230718e-12,
      "mp_lower": 0.0,
      "mp_upper": 1.3808613495897756e-11,
      "n_signal_eigvals": 926,
      "top5_eigvals": [
        0.013899881392717361,
        0.006971141789108515,
        0.0036569563671946526,
        0.0034007271751761436,
        0.0024712460581213236
      ],
      "evr_k_signal": 0.9999998807907104,
      "oas_shrinkage_alpha": 0.04035631139950049,
      "eigenvalue_inflation_ratio": 12061445075.960154
    },
    "task363_sst2_polarity_classification": {
      "n": 1000,
      "d": 2048,
      "gamma": 2.048,
      "sigma2_est": 5.296799665543972e-10,
      "mp_lower": 0.0,
      "mp_upper": 3.1304970648231744e-09,
      "n_signal_eigvals": 1000,
      "top5_eigvals": [
        0.03452950716018677,
        0.018169531598687172,
        0.008096814155578613,
        0.005448490381240845,
        0.003787931054830551
      ],
      "evr_k_signal": 0.9999993443489075,
      "oas_shrinkage_alpha": 0.012611663196632625,
      "eigenvalue_inflation_ratio": 65189377.24755473
    },
    "task511_reddit_tifu_long_text_summarization": {
      "n": 1000,
      "d": 2048,
      "gamma": 2.048,
      "sigma2_est": 3.7629455107435206e-10,
      "mp_lower": 0.0,