{
  "backbone": "flan-t5-xl",
  "benchmark": "Long_Sequence",
  "k": 8,
  "tasks": [
    "agnews",
    "amazon",
    "boolq",
    "cb",
    "copa",
    "dbpedia",
    "imdb",
    "mnli",
    "multirc",
    "qqp",
    "rte",
    "sst2",
    "wic",
    "yahoo",
    "yelp"
  ],
  "E1_kl_confusion": {
    "spearman": {
      "rho": -0.4650695798880482,
      "pval": 1.147750659091565e-12
    },
    "PSR_accuracy": 0.1404875731499144
  },
  "E2_grassmann": {
    "d": 2048,
    "k": 8,
    "T_actual": 15,
    "T_max_bound": 259.8364373170643,
    "delta_max": 0.014764816500246525,
    "delta_mean": 0.0010687236208468676,
    "geodesic_to_nearest": {
      "agnews": 4.395715713500977,
      "amazon": 4.250095844268799,
      "boolq": 4.324533939361572,
      "cb": 4.163092613220215,
      "copa": 4.339291572570801,
      "dbpedia": 4.425407409667969,
      "imdb": 4.266880989074707,
      "mnli": 4.163092613220215,
      "multirc": 4.3081865310668945,
      "qqp": 4.331939220428467,
      "rte": 4.194794654846191,
      "sst2": 4.3101983070373535,
      "wic": 4.355634689331055,
      "yahoo": 4.39363956451416,
      "yelp": 4.250095844268799
    },
    "mean_geodesic_nn": 4.298173300425211,
    "bound_satisfied": true
  },
  "E3_rmt": {
    "agnews": {
      "n": 4000,
      "d": 2048,
      "gamma": 0.512,
      "sigma2_est": 0.5408278703689575,
      "mp_lower": 0.04376189534414647,
      "mp_upper": 1.591701584651581,
      "n_signal_eigvals": 445,
      "top5_eigvals": [
        13.073189735412598,
        12.922776222229004,
        12.738987922668457,
        12.392129898071289,
        12.144054412841797
      ],
      "evr_k_signal": 0.6691367626190186,
      "oas_shrinkage_alpha": 0.23730981827076048,
      "eigenvalue_inflation_ratio": 24.172551844441656
    },
    "amazon": {
      "n": 5000,
      "d": 2048,
      "gamma": 0.4096,
      "sigma2_est": 0.35008004307746887,
      "mp_lower": 0.04537037358283996,
      "mp_upper": 0.9415752838611604,
      "n_signal_eigvals": 447,
      "top5_eigvals": [
        10.0712251663208,
        9.028139114379883,
        8.613142967224121,
        7.942584991455078,
        7.611797332763672
      ],
      "evr_k_signal": 0.6436161994934082,
      "oas_shrinkage_alpha": 0.20706415314735954,
      "eigenvalue_inflation_ratio": 28.768349883035604
    },
    "boolq": {
      "n": 2000,
      "d": 2048,
      "gamma": 1.024,
      "sigma2_est": 0.5527864694595337,
      "mp_lower": 0.0,
      "mp_upper": 2.2376009682438456,
      "n_signal_eigvals": 462,
      "top5_eigvals": [
        22.48320960998535,
        21.987651824951172,
        21.453588485717773,
        20.962722778320312,
        18.512266159057617
      ],
      "evr_k_signal": 0.737003743648529,
      "oas_shrinkage_alpha": 0.39270844772813013,
      "eigenvalue_inflation_ratio": 40.672503493016876
    },
    "cb": {
      "n": 250,
      "d": 2048,
      "gamma": 8.192,
      "sigma2_est": 2.128297982295635e-09,
      "mp_lower": 0.0,
      "mp_upper": 3.1746403603120504e-08,
      "n_signal_eigvals": 951,
      "top5_eigvals": [
        131.1411590576172,
        83.54867553710938,
        51.94023513793945,
        45.08999252319336,
        41.29666519165039
      ],
      "evr_k_signal": 1.0000001192092896,
      "oas_shrinkage_alpha": 0.5101143422194537,
      "eigenvalue_inflation_ratio": 61617856215.8693
    },
    "copa": {
      "n": 400,
      "d": 2048,
      "gamma": 5.12,
      "sigma2_est": 7.276624103269569e-08,
      "mp_lower": 0.0,
      "mp_upper": 7.746318109644107e-07,
      "n_signal_eigvals": 952,
      "top5_eigvals": [
        109.97576904296875,
        75.81527709960938,
        72.5213623046875,
        68.93353271484375,
        63.46749496459961
      ],
      "evr_k_signal": 0.9999998807907104,
      "oas_shrinkage_alpha": 0.5046443076933661,
      "eigenvalue_inflation_ratio": 1511357017.790075
    },
    "dbpedia": {
      "n": 14000,
      "d": 2048,
      "gamma": 0.1462857142857143,
      "sigma2_est": 0.5286774635314941,
      "mp_lower": 0.20160554901612174,
      "mp_upper": 1.0104252988057951,
      "n_signal_eigvals": 586,
      "top5_eigvals": [
        3.9454612731933594,
        3.931933641433716,
        3.8815054893493652,
        3.878208637237549,
        3.86210560798645
      ],
      "evr_k_signal": 0.656618058681488,
      "oas_shrinkage_alpha": 0.14987691192466104,
      "eigenvalue_inflation_ratio": 7.462889087116009
    },
    "imdb": {
      "n": 2000,
      "d": 2048,
      "gamma": 1.024,
      "sigma2_est": 0.20560267567634583,
      "mp_lower": 0.0,
      "mp_upper": 0.8322503743927019,
      "n_signal_eigvals": 477,
      "top5_eigvals": [
        21.570690155029297,
        19.780899047851562,
        18.36659812927246,
        14.207953453063965,
        13.807499885559082
      ],
      "evr_k_signal": 0.7880892157554626,
      "oas_shrinkage_alpha": 0.22667069822346092,
      "eigenvalue_inflation_ratio": 104.91444279151938
    },
    "mnli": {
      "n": 3000,
      "d": 2048,
      "gamma": 0.6826666666666666,
      "sigma2_est": 0.5244287848472595,
      "mp_lower": 0.015834483309291124,
      "mp_upper": 1.7490431872966863,
      "n_signal_eigvals": 405,
      "top5_eigvals": [
        16.974384307861328,
        15.89470386505127,
        15.414854049682617,
        14.662636756896973,
        12.370240211486816
      ],
      "evr_k_signal": 0.6294704675674438,
      "oas_shrinkage_alpha": 0.3241059758961222,
      "eigenvalue_inflation_ratio": 32.36737722702452
    },
    "multirc": {
      "n": 2000,
      "d": 2048,
      "gamma": 1.024,
      "sigma2_est": 0.09024569392204285,
      "mp_lower": 0.0,
      "mp_upper": 0.36530172726049914,
      "n_signal_eigvals": 687,
      "top5_eigvals": [
        25.260852813720703,
        23.211578369140625,
        21.998199462890625,
        20.532320022583008,
        19.75746726989746
      ],
      "evr_k_signal": 0.9616782665252686,
      "oas_shrinkage_alpha": 0.18457813092784378,
      "eigenvalue_inflation_ratio": 279.91200151379905
    },
    "qqp": {
      "n": 2000,
      "d": 2048,
      "gamma": 1.024,
      "sigma2_est": 0.4481692910194397,
      "mp_lower": 0.0,
      "mp_upper": 1.814125516680482,
      "n_signal_eigvals": 455,
      "top5_eigvals": [
        26.383577346801758,
        23.313011169433594,
        20.763898849487305,
        19.608165740966797,
        19.09264373779297
      ],
      "evr_k_signal": 0.7378367185592651,
      "oas_shrinkage_alpha": 0.33703148295893876,
      "eigenvalue_inflation_ratio": 58.86966794799278
    },
    "rte": {
      "n": 2000,
      "d": 2048,
      "gamma": 1.024,
      "sigma2_est": 0.5485008955001831,
      "mp_lower": 0.0,
      "mp_upper": 2.220253574682822,
      "n_signal_eigvals": 439,
      "top5_eigvals": [
        22.37516212463379,
        21.472309112548828,
        18.590545654296875,
        17.09588050842285,
        15.944513320922852
      ],
      "evr_k_signal": 0.699799120426178,
      "oas_shrinkage_alpha": 0.4398062624161644,
      "eigenvalue_inflation_ratio": 40.79330099220653
    },
    "sst2": {
      "n": 2000,
      "d": 2048,
      "gamma": 1.024,
      "sigma2_est": 0.2507172226905823,
      "mp_lower": 0.0,
      "mp_upper": 1.0148676410194275,
      "n_signal_eigvals": 534,
      "top5_eigvals": [
        26.132232666015625,
        24.233234405517578,
        22.40635108947754,
        21.48621940612793,
        20.03791618347168
      ],
      "evr_k_signal": 0.8417591452598572,
      "oas_shrinkage_alpha": 0.23104047180590587,
      "eigenvalue_inflation_ratio": 104.22990644829456
    },
    "wic": {
      "n": 2000,
      "d": 2048,
      "gamma": 1.024,
      "sigma2_est": 0.2852715849876404,
      "mp_lower": 0.0,
      "mp_upper": 1.154738782598818,
      "n_signal_eigvals": 533,