{
  "backbone": "flan-t5-large",
  "benchmark": "Long_Sequence",
  "k": 8,
  "tasks": [
    "agnews",
    "amazon",
    "boolq",
    "cb",
    "copa",
    "dbpedia",
    "imdb",
    "mnli",
    "multirc",
    "qqp",
    "rte",
    "sst2",
    "wic",
    "yahoo",
    "yelp"
  ],
  "E1_kl_confusion": {
    "spearman": {
      "rho": -0.5019826164635997,
      "pval": 8.362542731635099e-15
    },
    "PSR_accuracy": 0.1283399815476823
  },
  "E2_grassmann": {
    "d": 1024,
    "k": 8,
    "T_actual": 15,
    "T_max_bound": 133.27818551369288,
    "delta_max": 0.039602771401405334,
    "delta_mean": 0.004054577089846134,
    "geodesic_to_nearest": {
      "agnews": 4.327324867248535,
      "amazon": 4.061183929443359,
      "boolq": 4.165049076080322,
      "cb": 3.9842727184295654,
      "copa": 4.220109462738037,
      "dbpedia": 4.39852237701416,
      "imdb": 4.083927631378174,
      "mnli": 3.9842729568481445,
      "multirc": 4.165048599243164,
      "qqp": 4.14112663269043,
      "rte": 4.0100483894348145,
      "sst2": 4.191154479980469,
      "wic": 4.202331066131592,
      "yahoo": 4.341833114624023,
      "yelp": 4.061183929443359
    },
    "mean_geodesic_nn": 4.15582594871521,
    "bound_satisfied": true
  },
  "E3_rmt": {
    "agnews": {
      "n": 4000,
      "d": 1024,
      "gamma": 0.256,
      "sigma2_est": 0.6861296892166138,
      "mp_lower": 0.1674644614359163,
      "mp_upper": 1.5560933178762173,
      "n_signal_eigvals": 244,
      "top5_eigvals": [
        12.546550750732422,
        12.196413040161133,
        11.895430564880371,
        11.592015266418457,
        11.002071380615234
      ],
      "evr_k_signal": 0.6485761404037476,
      "oas_shrinkage_alpha": 0.14545722310812847,
      "eigenvalue_inflation_ratio": 18.285975593123514
    },
    "amazon": {
      "n": 5000,
      "d": 1024,
      "gamma": 0.2048,
      "sigma2_est": 0.37844085693359375,
      "mp_lower": 0.11341998127737975,
      "mp_upper": 0.7984711075898078,
      "n_signal_eigvals": 250,
      "top5_eigvals": [
        9.194169044494629,
        7.871520042419434,
        7.043924808502197,
        6.205589294433594,
        5.784857749938965
      ],
      "evr_k_signal": 0.6419627666473389,
      "oas_shrinkage_alpha": 0.11619749617051953,
      "eigenvalue_inflation_ratio": 24.294863717920286
    },
    "boolq": {
      "n": 2000,
      "d": 1024,
      "gamma": 0.512,
      "sigma2_est": 0.7124100923538208,
      "mp_lower": 0.057645727248547315,
      "mp_upper": 2.0966823920294066,
      "n_signal_eigvals": 216,
      "top5_eigvals": [
        19.10625457763672,
        18.077367782592773,
        16.245941162109375,
        14.380767822265625,
        13.334327697753906
      ],
      "evr_k_signal": 0.6411099433898926,
      "oas_shrinkage_alpha": 0.2508599262224387,
      "eigenvalue_inflation_ratio": 26.819180108059918
    },
    "cb": {
      "n": 250,
      "d": 1024,
      "gamma": 4.096,
      "sigma2_est": 3.093182101565617e-07,
      "mp_lower": 0.0,
      "mp_upper": 2.828317683260383e-06,
      "n_signal_eigvals": 251,
      "top5_eigvals": [
        100.41946411132812,
        58.55192565917969,
        30.63515853881836,
        28.139049530029297,
        24.428258895874023
      ],
      "evr_k_signal": 0.9999997615814209,
      "oas_shrinkage_alpha": 0.37361277029169293,
      "eigenvalue_inflation_ratio": 324647760.18360096
    },
    "copa": {
      "n": 400,
      "d": 1024,
      "gamma": 2.56,
      "sigma2_est": 9.84535290626809e-07,
      "mp_lower": 0.0,
      "mp_upper": 6.65545856463723e-06,
      "n_signal_eigvals": 399,
      "top5_eigvals": [
        74.67220306396484,
        42.6180419921875,
        40.10301971435547,
        32.38808059692383,
        30.445226669311523
      ],
      "evr_k_signal": 0.9999997615814209,
      "oas_shrinkage_alpha": 0.33972267586947286,
      "eigenvalue_inflation_ratio": 75845125.89327747
    },
    "dbpedia": {
      "n": 14000,
      "d": 1024,
      "gamma": 0.07314285714285715,
      "sigma2_est": 0.5825331211090088,
      "mp_lower": 0.3100498366389086,
      "mp_upper": 0.9402326792956268,
      "n_signal_eigvals": 336,
      "top5_eigvals": [
        3.9163408279418945,
        3.883439779281616,
        3.8065133094787598,
        3.7939815521240234,
        3.7610085010528564
      ],
      "evr_k_signal": 0.6829080581665039,
      "oas_shrinkage_alpha": 0.08495599912333165,
      "eigenvalue_inflation_ratio": 6.722949624711612
    },
    "imdb": {
      "n": 2000,
      "d": 1024,
      "gamma": 0.512,
      "sigma2_est": 0.2711915373802185,
      "mp_lower": 0.021943868515790343,
      "mp_upper": 0.7981393405219903,
      "n_signal_eigvals": 226,
      "top5_eigvals": [
        16.754520416259766,
        14.502710342407227,
        12.23957633972168,
        10.076385498046875,
        9.28084659576416
      ],
      "evr_k_signal": 0.7013547420501709,
      "oas_shrinkage_alpha": 0.13879345181620503,
      "eigenvalue_inflation_ratio": 61.78113291481303
    },
    "mnli": {
      "n": 3000,
      "d": 1024,
      "gamma": 0.3413333333333333,
      "sigma2_est": 0.5110410451889038,
      "mp_lower": 0.08833781098995992,
      "mp_upper": 1.2826149662368058,
      "n_signal_eigvals": 215,
      "top5_eigvals": [
        13.533766746520996,
        13.038158416748047,
        11.933043479919434,
        10.345514297485352,
        8.334424018859863
      ],
      "evr_k_signal": 0.6017424464225769,
      "oas_shrinkage_alpha": 0.1780126422539715,
      "eigenvalue_inflation_ratio": 26.482739251439785
    },
    "multirc": {
      "n": 2000,
      "d": 1024,
      "gamma": 0.512,
      "sigma2_est": 0.21242058277130127,
      "mp_lower": 0.01718832889628733,
      "mp_upper": 0.6251715134041277,
      "n_signal_eigvals": 340,
      "top5_eigvals": [
        23.090133666992188,
        20.66951560974121,
        18.476604461669922,
        16.35814094543457,
        15.20527458190918
      ],
      "evr_k_signal": 0.9135473370552063,
      "oas_shrinkage_alpha": 0.1199359761674983,
      "eigenvalue_inflation_ratio": 108.70007682754434
    },
    "qqp": {
      "n": 2000,
      "d": 1024,
      "gamma": 0.512,
      "sigma2_est": 0.48335951566696167,
      "mp_lower": 0.03911175754271747,
      "mp_upper": 1.4225674178341745,
      "n_signal_eigvals": 220,
      "top5_eigvals": [
        23.500255584716797,
        16.361289978027344,
        15.767477035522461,
        14.763309478759766,
        14.263324737548828
      ],
      "evr_k_signal": 0.674067497253418,
      "oas_shrinkage_alpha": 0.17525601831373266,
      "eigenvalue_inflation_ratio": 48.61858476560674
    },
    "rte": {
      "n": 2000,
      "d": 1024,
      "gamma": 0.512,
      "sigma2_est": 0.7335370779037476,
      "mp_lower": 0.059355248856489684,
      "mp_upper": 2.158860874724443,
      "n_signal_eigvals": 200,
      "top5_eigvals": [
        19.21083641052246,
        14.683488845825195,
        13.371723175048828,
        12.247222900390625,
        10.932506561279297
      ],
      "evr_k_signal": 0.5868422389030457,
      "oas_shrinkage_alpha": 0.3016806270787172,
      "eigenvalue_inflation_ratio": 26.18931883500952
    },
    "sst2": {
      "n": 2000,
      "d": 1024,
      "gamma": 0.512,
      "sigma2_est": 0.3966556191444397,
      "mp_lower": 0.03209598218528298,
      "mp_upper": 1.1673906101075027,
      "n_signal_eigvals": 255,
      "top5_eigvals": [
        25.0361328125,
        21.465660095214844,
        20.147050857543945,
        17.200653076171875,
        15.590954780578613
      ],
      "evr_k_signal": 0.7677256464958191,
      "oas_shrinkage_alpha": 0.1365190045806988,
      "eigenvalue_inflation_ratio": 63.118059102506365
    },
    "wic": {
      "n": 2000,
      "d": 1024,
      "gamma": 0.512,
      "sigma2_est": 0.37923604249954224,
      "mp_lower": 0.030686451109243416,
      "mp_upper": 1.1161233414093723,
      "n_signal_eigvals": 261,