{
  "backbone": "flan-t5-large",
  "benchmark": "Long_Sequence",
  "k": 8,
  "tasks": [
    "agnews",
    "amazon",
    "boolq",
    "cb",
    "copa",
    "dbpedia",
    "imdb",
    "mnli",
    "multirc",
    "qqp",
    "rte",
    "sst2",
    "wic",
    "yahoo",
    "yelp"
  ],
  "E1_kl_confusion": {
    "spearman": {
      "rho": -0.4562540203577036,
      "pval": 3.4157830161139496e-12
    },
    "PSR_accuracy": 0.828727673178784
  },
  "E2_grassmann": {
    "d": 1024,
    "k": 8,
    "T_actual": 15,
    "T_max_bound": -45.10789723143616,
    "delta_max": 3.8376405884844345,
    "delta_mean": 1.3852538991957775,
    "geodesic_to_nearest": {
      "agnews": 3.1795912480772626,
      "amazon": 2.5347855950777074,
      "boolq": 2.779843144066098,
      "cb": 2.6998727182484488,
      "copa": 3.2834226910144615,
      "dbpedia": 3.2765342529184576,
      "imdb": 2.534785595077708,
      "mnli": 2.6998727182484483,
      "multirc": 3.176304779332721,
      "qqp": 2.97318723744622,
      "rte": 2.7737169651010687,
      "sst2": 2.9896902198089776,
      "wic": 2.8887735840904236,
      "yahoo": 3.166395215589277,
      "yelp": 2.6990717747680875
    },
    "mean_geodesic_nn": 2.9103898492576907,
    "bound_satisfied": false
  },
  "E3_rmt": {
    "agnews": {
      "n": 4000,
      "d": 1024,
      "gamma": 0.256,
      "sigma2_est": 2.904982087289727e-05,
      "mp_lower": 7.090223151317012e-06,
      "mp_upper": 6.588292688140093e-05,
      "n_signal_eigvals": 319,
      "top5_eigvals": [
        0.015840112004513324,
        0.015223299528484141,
        0.012439670495332825,
        0.009643953298047854,
        0.006995723963960308
      ],
      "evr_k_signal": 0.9244918051224627,
      "oas_shrinkage_alpha": 0.010865188884275985,
      "eigenvalue_inflation_ratio": 545.273999238038
    },
    "amazon": {
      "n": 5000,
      "d": 1024,
      "gamma": 0.2048,
      "sigma2_est": 1.5934451610124687e-05,
      "mp_lower": 4.775608051227899e-06,
      "mp_upper": 3.362004654852855e-05,
      "n_signal_eigvals": 323,
      "top5_eigvals": [
        0.021734560531305066,
        0.01625828798171811,
        0.010725655666214352,
        0.0056057243972222545,
        0.0037953353475879198
      ],
      "evr_k_signal": 0.9401533964370532,
      "oas_shrinkage_alpha": 0.004110037565476821,
      "eigenvalue_inflation_ratio": 1363.998025353757
    },
    "boolq": {
      "n": 2000,
      "d": 1024,
      "gamma": 0.512,
      "sigma2_est": 3.029135579016225e-05,
      "mp_lower": 2.4510703211671483e-06,
      "mp_upper": 8.914998958828349e-05,
      "n_signal_eigvals": 288,
      "top5_eigvals": [
        0.03816299966425378,
        0.016753902264201814,
        0.00923664271462488,
        0.00903545564416844,
        0.006272688685922964
      ],
      "evr_k_signal": 0.926028014048432,
      "oas_shrinkage_alpha": 0.014346127703828034,
      "eigenvalue_inflation_ratio": 1259.864362910029
    },
    "cb": {
      "n": 250,
      "d": 1024,
      "gamma": 4.096,
      "sigma2_est": 1.971761989572345e-19,
      "mp_lower": 0.0,
      "mp_upper": 1.8029230479076713e-18,
      "n_signal_eigvals": 257,
      "top5_eigvals": [
        0.031125842547252452,
        0.023636668112778127,
        0.006401385569693245,
        0.0058037363426572475,
        0.005314421453374541
      ],
      "evr_k_signal": 0.9999999999999991,
      "oas_shrinkage_alpha": 0.0850069781275624,
      "eigenvalue_inflation_ratio": 31125842547.252453
    },
    "copa": {
      "n": 400,
      "d": 1024,
      "gamma": 2.56,
      "sigma2_est": 2.335290198827883e-19,
      "mp_lower": 0.0,
      "mp_upper": 1.578656174407649e-18,
      "n_signal_eigvals": 401,
      "top5_eigvals": [
        0.012506275497015525,
        0.008762435058315681,
        0.008000371585861085,
        0.005980696792364951,
        0.005499955724828994
      ],
      "evr_k_signal": 0.9999999999999994,
      "oas_shrinkage_alpha": 0.13427594197438905,
      "eigenvalue_inflation_ratio": 12506275497.015526
    },
    "dbpedia": {
      "n": 14000,
      "d": 1024,
      "gamma": 0.07314285714285715,
      "sigma2_est": 2.1824757610000698e-05,
      "mp_lower": 1.1616099216439638e-05,
      "mp_upper": 3.522606625965329e-05,
      "n_signal_eigvals": 390,
      "top5_eigvals": [
        0.030592075531038133,
        0.0216539499721866,
        0.015771164006954372,
        0.011132006689803688,
        0.010094642399714738
      ],
      "evr_k_signal": 0.9598109943688283,
      "oas_shrinkage_alpha": 0.0017012042411691604,
      "eigenvalue_inflation_ratio": 1401.7143318476083
    },
    "imdb": {
      "n": 2000,
      "d": 1024,
      "gamma": 0.512,
      "sigma2_est": 1.153635478423915e-05,
      "mp_lower": 9.334813872968531e-07,
      "mp_upper": 3.395245548024233e-05,
      "n_signal_eigvals": 282,
      "top5_eigvals": [
        0.01894040357349612,
        0.013503837852144492,
        0.007709469607294747,
        0.006580435412235755,
        0.004541160407646053
      ],
      "evr_k_signal": 0.9448560085001743,
      "oas_shrinkage_alpha": 0.011520594666828303,
      "eigenvalue_inflation_ratio": 1641.8014119479324
    },
    "mnli": {
      "n": 3000,
      "d": 1024,
      "gamma": 0.3413333333333333,
      "sigma2_est": 2.183360042328457e-05,
      "mp_lower": 3.774124379206126e-06,
      "mp_upper": 5.4798147689658605e-05,
      "n_signal_eigvals": 288,
      "top5_eigvals": [
        0.0248248565396224,
        0.014146058388583179,
        0.007491342352390495,
        0.005083827027425289,
        0.003952367405883448
      ],
      "evr_k_signal": 0.9071408232482164,
      "oas_shrinkage_alpha": 0.006998359056495464,
      "eigenvalue_inflation_ratio": 1137.002420963415
    },
    "multirc": {
      "n": 2000,
      "d": 1024,
      "gamma": 0.512,
      "sigma2_est": 8.825452215096154e-06,
      "mp_lower": 7.141246547414835e-07,
      "mp_upper": 2.5974042843709285e-05,
      "n_signal_eigvals": 355,
      "top5_eigvals": [
        0.029124294780125525,
        0.02552676995372645,
        0.01353983219427449,
        0.009220587119834627,
        0.00668692687614173
      ],
      "evr_k_signal": 0.9821688069493687,
      "oas_shrinkage_alpha": 0.012046724887693342,
      "eigenvalue_inflation_ratio": 3300.03427249968
    },
    "qqp": {
      "n": 2000,
      "d": 1024,
      "gamma": 0.512,
      "sigma2_est": 2.1240474200600434e-05,
      "mp_lower": 1.7187047117090883e-06,
      "mp_upper": 6.251248927090663e-05,
      "n_signal_eigvals": 277,
      "top5_eigvals": [
        0.042443806352772964,
        0.015037946116144955,
        0.004787384228130766,
        0.00452027877047059,
        0.004443869503556818
      ],
      "evr_k_signal": 0.9213919306049058,
      "oas_shrinkage_alpha": 0.0069794674703456995,
      "eigenvalue_inflation_ratio": 1998.2513550273347
    },
    "rte": {
      "n": 2000,
      "d": 1024,
      "gamma": 0.512,
      "sigma2_est": 3.109020518318551e-05,
      "mp_lower": 2.515710413604266e-06,
      "mp_upper": 9.150107006034871e-05,
      "n_signal_eigvals": 283,
      "top5_eigvals": [
        0.048491925615420706,
        0.01226336537112373,
        0.00752158768743194,
        0.005689848571014499,
        0.00494937312651184
      ],
      "evr_k_signal": 0.915781888548716,
      "oas_shrinkage_alpha": 0.00959694513199407,
      "eigenvalue_inflation_ratio": 1559.7171305143575
    },
    "sst2": {
      "n": 2000,
      "d": 1024,
      "gamma": 0.512,
      "sigma2_est": 1.730301432567521e-05,
      "mp_lower": 1.4000992617889467e-06,
      "mp_upper": 5.092421605905288e-05,
      "n_signal_eigvals": 287,
      "top5_eigvals": [
        0.03464759944239918,
        0.02383430502562598,
        0.010537815136106674,
        0.004740225787999363,
        0.0045125187870691
      ],
      "evr_k_signal": 0.9393056450298487,
      "oas_shrinkage_alpha": 0.007789910436931938,
      "eigenvalue_inflation_ratio": 2002.4025172878162
    },